X,Y,Z
16.900528,-5.002511,34.161568
16.900528,-5.002511,34.161568
16.900528,-5.002511,34.161568
16.900528,-5.002511,34.161568
16.579315,-5.002511,34.69692
16.338741,-5.002511,35.09788
16.256735,-5.002511,35.234562
16.253576,-5.002511,35.81702
16.24381,-5.002511,37.816856
16.23391,-5.002511,39.816956
16.224146,-5.002511,41.816784
16.21438,-5.002511,43.816612
16.204617,-5.002511,45.816742
16.19485,-5.002511,47.81657
16.185123,-5.002511,49.816402
16.175356,-5.002511,51.816532
16.165627,-5.002511,53.81636
16.15586,-5.002511,55.81619
16.152664,-5.002511,56.471947
16.152462,-5.002511,56.513573
16.152462,-5.002511,56.513573
16.152462,-5.002511,56.513573
16.152462,-5.002511,56.513573
16.152462,-5.002511,56.513573
16.152462,-5.002511,56.513573
16.152462,-5.002511,56.513573
16.152462,-5.002511,56.513573
16.152462,-5.002511,56.513573
16.152462,-5.002511,56.513573
16.152462,-5.002511,56.513573
16.152462,-5.002511,56.513573
16.152462,-5.002511,56.513573
16.920547,-5.002511,57.204636
16.920547,-5.002511,57.204636
16.920547,-5.002511,57.204636
17.777828,-5.002511,57.348866
17.777828,-5.002511,57.348866
19.243925,-5.002511,58.680225
20.612461,-5.0026636,59.92224
20.82413,-5.002572,60.114723
20.8529,-5.0025415,60.14089
20.8529,-5.0025415,60.14089
21.089888,-5.0048,61.55085
21.089888,-5.0048,61.55085
21.089884,-5.0029993,61.550835
21.089884,-5.0026636,61.550835
21.089884,-5.0025415,61.550835
21.089884,-5.002511,61.550835
21.089884,-5.002511,61.550835
21.089884,-5.002511,61.550835
21.089884,-5.002511,61.550835
21.089884,-5.002511,61.550835
21.089884,-5.002511,61.550835
21.089884,-5.002511,61.550835
21.089884,-5.002511,61.550835
21.089884,-5.002511,61.550835
21.089884,-5.002511,61.550835
21.089884,-5.002511,61.550835
21.089884,-5.002511,61.550835
19.928118,-5.0051355,60.2694
19.390882,-5.0036707,59.67674
19.390882,-5.0036707,59.67674
19.21023,-5.0063868,57.97573
19.200588,-5.0048304,57.884636
19.1965,-5.0038843,57.84599
19.193289,-5.003396,57.815628
19.193289,-5.003396,57.815628
19.193289,-5.0026636,57.815636
19.193289,-5.002572,57.815636
19.193289,-5.0025415,57.815636
19.193289,-5.002511,57.815636
19.193289,-5.002511,57.815636
19.193289,-5.002511,57.815636
19.193289,-5.002511,57.815636
19.193289,-5.002511,57.815636
19.193289,-5.002511,57.815636
19.193289,-5.002511,57.815636
19.193289,-5.002511,57.815636
19.193289,-5.002511,57.815636
18.903427,-5.002511,58.13389
18.903427,-5.002511,58.13389
18.903427,-5.002511,58.13389
18.786362,-5.002511,59.88256
18.673044,-5.008065,61.575344
18.673044,-5.008065,61.575344
17.928688,-5.0034876,62.54807
17.903378,-5.0031214,62.581146
17.903378,-5.0031214,62.581146
16.174263,-5.0026026,62.701355
14.182463,-5.0060205,62.83986
13.484246,-5.0041285,62.888374
13.484246,-5.0041285,62.888374
13.484252,-5.0028467,62.888374
13.484252,-5.0026026,62.888374
13.484252,-5.0025415,62.888374
13.484252,-5.002511,62.888374
13.484252,-5.002511,62.888374
13.484252,-5.002511,62.888374
13.484252,-5.002511,62.888374
13.484252,-5.002511,62.888374
13.484252,-5.002511,62.888374
13.484252,-5.002511,62.888374
13.484252,-5.002511,62.888374
13.484252,-5.002511,62.888374
13.484252,-5.002511,62.888374
13.484252,-5.002511,62.888374
13.484252,-5.002511,62.888374
13.484252,-5.002511,62.888374
13.484252,-5.002511,62.888374
13.618071,-5.002511,64.11428
13.618071,-5.002511,64.11428
13.895711,-5.002511,64.530014
13.918829,-5.002511,64.56463
13.918829,-5.002511,64.56463
13.918829,-5.002511,64.56463
15.642554,-5.0098047,64.705956
17.635708,-5.0042505,64.86932
17.691044,-5.0036707,64.87387
17.746399,-5.0032434,64.87841
17.746399,-5.0032434,64.87841
17.746395,-5.002694,64.87841
18.30913,-5.002572,64.587845
18.30913,-5.002572,64.587845
18.30913,-5.0025415,64.587845
18.30913,-5.002511,64.587845
18.30913,-5.002511,64.587845
18.39743,-5.002572,62.862225
18.49955,-5.002511,60.864853
18.60167,-5.002511,58.86748
18.632294,-5.002511,58.268272
18.632294,-5.002511,58.268272
18.632294,-5.002511,58.268272
18.632294,-5.002511,58.268272
18.632294,-5.002511,58.268272
18.632294,-5.002511,58.268272
18.632294,-5.002511,58.268272
18.632294,-5.002511,58.268272
18.632294,-5.002511,58.268272
18.632294,-5.002511,58.268272
18.632294,-5.002511,58.268272
18.632294,-5.002511,58.268272
18.632294,-5.002511,58.268272
18.632294,-5.002511,58.268272
18.632294,-5.002511,58.268272
18.640959,-5.002511,60.001442
18.648252,-5.002511,61.45688
18.64846,-5.002511,61.49851
18.64846,-5.002511,61.49851
18.64846,-5.002511,61.49851
18.64846,-5.002511,61.49851
18.64846,-5.002511,61.49851
18.64846,-5.002511,61.49851
18.64846,-5.002511,61.49851
18.64846,-5.002511,61.49851
18.64846,-5.002511,61.49851
18.64846,-5.002511,61.49851
18.64846,-5.002511,61.49851
18.64846,-5.002511,61.49851
18.64846,-5.002511,61.49851
18.64846,-5.002511,61.49851
18.64846,-5.002511,61.49851
18.64846,-5.002511,61.49851
18.64846,-5.002511,61.49851
18.64846,-5.002511,61.49851
18.64846,-5.002511,61.49851
19.859241,-5.002511,60.258377
21.256315,-5.002511,58.827435
21.885002,-5.002511,58.183506
21.885002,-5.002511,58.183506
23.2054,-5.002511,57.98012
23.24654,-5.002511,57.973785
23.24654,-5.002511,57.973785
23.24654,-5.002511,57.973785
23.24654,-5.002511,57.973785
23.24654,-5.002511,57.973785
23.24654,-5.002511,57.973785
23.24654,-5.002511,57.973785
23.24654,-5.002511,57.973785
23.24654,-5.002511,57.973785
23.24654,-5.002511,57.973785
23.24654,-5.002511,57.973785
23.24654,-5.002511,57.973785
23.24654,-5.002511,57.973785
23.24654,-5.002511,57.973785
23.24654,-5.002511,57.973785
23.340694,-5.002511,58.075817
23.372692,-5.002511,58.11049
23.372692,-5.002511,58.11049
23.500757,-5.002511,59.85847
23.617548,-5.002511,61.45963
23.620577,-5.002511,61.501144
23.620577,-5.002511,61.501144
23.620577,-5.002511,61.501144
23.620577,-5.002511,61.501144
23.620577,-5.002511,61.501144
23.620577,-5.002511,61.501144
23.620577,-5.002511,61.501144
23.620577,-5.002511,61.501144
23.620577,-5.002511,61.501144
23.620577,-5.002511,61.501144
23.620577,-5.002511,61.501144
23.620577,-5.002511,61.501144
23.620577,-5.002511,61.501144
23.620577,-5.002511,61.501144
23.620577,-5.002511,61.501144
23.620577,-5.002511,61.501144
23.620577,-5.002511,61.501144
23.620577,-5.002511,61.501144
23.620577,-5.002511,61.501144
23.248653,-4.6658106,61.108776
22.608372,-4.085763,60.443287
22.33366,-3.834512,60.159107
22.141773,-3.655038,59.958954
22.009478,-3.5290616,59.819862
21.748804,-3.2923365,59.647602
21.558374,-3.1248865,59.58049
21.416386,-2.9977808,59.546284
21.29953,-2.8890162,59.53256
21.206375,-2.7961206,59.53473
21.133924,-2.7153711,59.550026
21.079609,-2.644021,59.575523
20.824034,-2.502389,59.653416
20.333008,-2.372201,59.74552
20.071934,-2.3174524,59.788006
19.861103,-2.2756433,59.82143
19.690344,-2.2440577,59.847786
19.549377,-2.2206812,59.86884
19.430542,-2.20411,59.88585
19.32815,-2.1936119,59.899715
19.25307,-2.1876304,59.90952
19.195833,-2.1830833,59.916996
19.147528,-2.1792686,59.923313
19.298138,-2.1433754,59.96018
19.37887,-2.1049078,59.925858
19.561152,-1.9894669,59.920612
19.577242,-1.9710184,59.920635
19.595888,-1.9521863,59.920265
19.59489,-1.9521744,59.92041
19.59423,-1.9521638,59.920513
19.593727,-1.952153,59.92059
19.593348,-1.9521424,59.92066
19.593061,-1.952132,59.920704
19.592844,-1.9521219,59.920746
19.29404,-2.122587,59.932194
18.95311,-2.1667206,59.944836
18.953125,-2.1667216,59.944855
19.353666,-2.2063062,60.30419
20.256474,-2.288585,61.1118
20.576101,-2.3159907,61.39726
20.799252,-2.333936,61.596474
20.975546,-2.3461137,61.753757
21.098396,-2.353408,61.863308
21.202093,-2.3596041,61.95578
21.27114,-2.363725,62.01735
21.323784,-2.3668387,62.064293
21.363928,-2.3692503,62.100086
21.393002,-2.3683662,62.125885
21.405907,-2.361684,62.137005
21.403715,-2.3518887,62.134567
21.391167,-2.338981,62.122803
21.372192,-2.3258593,62.10537
21.347755,-2.3119745,62.083126
21.326578,-2.3008366,62.06392
21.497175,-2.2662404,61.943005
21.469381,-2.1919403,61.663548
21.289206,-2.0755725,61.44909
21.251154,-2.0747733,61.45067
21.286674,-2.0921695,61.46948
21.285917,-2.0916095,61.468792
21.321037,-2.0919347,61.467915
21.320942,-2.0919433,61.46783
21.320951,-2.091951,61.467842
21.320961,-2.0919585,61.467854
21.32097,-2.091966,61.46786
21.320978,-2.0919733,61.467873
21.320988,-2.0919807,61.467884
21.31314,-2.2398498,61.778446
21.310623,-2.26099,61.891823
21.308214,-2.267218,62.00698
21.308226,-2.267218,62.006992
21.30825,-2.267218,62.00702
21.308273,-2.267218,62.007046
21.308294,-2.267218,62.007065
20.915262,-2.264746,61.63445
20.019316,-2.2593138,60.800552
19.649996,-2.257086,60.459736
19.404202,-2.2556212,60.23178
19.240782,-2.254614,60.079365
18.968443,-2.2587032,59.268776
18.909191,-2.264532,58.569824
18.902437,-2.2674923,58.218796
18.902563,-2.2696285,57.947968
18.908382,-2.2710629,57.7387
18.920406,-2.2717342,57.574905
18.93978,-2.2716732,57.446335
18.957035,-2.2712154,57.36618
18.971601,-2.2709408,57.298534
18.98234,-2.2706661,57.248676
19.22767,-2.242812,57.144966
19.258255,-2.23553,57.096046
19.239128,-2.236443,57.012074
19.240524,-2.2364407,57.005695
19.223778,-2.2365923,56.971344
19.22401,-2.2365916,56.97033
19.224165,-2.2365909,56.96966
19.22427,-2.2365904,56.969227
19.224348,-2.23659,56.96889
19.224419,-2.2365894,56.968613
19.224466,-2.236589,56.968426
19.127481,-2.260715,57.025784
19.028673,-2.270051,57.08451
19.02868,-2.2700512,57.084522
19.023548,-2.2699292,57.08898
19.014246,-2.2696545,57.09705
19.004396,-2.2694106,57.10559
18.944033,-2.2775896,57.688457
18.827148,-2.2938862,58.888435
18.678375,-2.3099997,60.410404
18.630863,-2.3140585,60.901665
18.596275,-2.3167746,61.265396
18.57208,-2.3181176,61.532043
18.556835,-2.3183923,61.71447
18.497849,-2.317202,61.964706
18.428535,-2.315066,62.137062
18.369005,-2.3130214,62.26501
18.312498,-2.3108852,62.37177
18.255249,-2.3084745,62.468227
18.20185,-2.3059416,62.547085
18.150805,-2.3032255,62.612663
18.101068,-2.3002653,62.668106
18.05194,-2.2970307,62.71567
18.012848,-2.294284,62.750603
17.400713,-2.2903476,62.828083
16.160582,-2.2903173,62.870384
14.622118,-2.28989,62.878574
14.117871,-2.289463,62.876778
13.768874,-2.2887917,62.875683
13.495623,-2.2877235,62.87532
13.278667,-2.2860146,62.876076
13.12704,-2.284275,62.877243
13.011432,-2.282963,62.87815
12.913856,-2.281834,62.878906
12.8488865,-2.2811015,62.879414
12.794054,-2.280491,62.879845
12.7602825,-2.2794232,62.88074
12.749239,-2.2775311,62.88257
12.755085,-2.2750897,62.884987
12.773485,-2.2723432,62.88779
12.80121,-2.2694745,62.890823
12.835867,-2.2665145,62.89398
12.878752,-2.2633102,62.897453
12.911202,-2.2610824,62.89993
12.973947,-2.224232,62.67965
12.932518,-2.2308524,62.71825
12.896426,-2.2372863,62.775036
12.843531,-2.2380755,62.86177
12.840065,-2.2388763,62.93242
12.81332,-2.2330093,62.93665
12.835244,-2.2337294,63.00417
12.835366,-2.2337303,63.00418
12.835371,-2.2337308,63.004185
12.835375,-2.2337313,63.004192
12.83538,-2.2337315,63.004196
12.835383,-2.233732,63.0042
12.835387,-2.2337322,63.004204
12.835391,-2.2337327,63.004208
12.935524,-2.2510176,62.949635
12.935529,-2.2510178,62.94964
12.943102,-2.247417,62.944073
12.964457,-2.2371328,62.928375
12.994191,-2.2228508,62.90654
13.030735,-2.2052424,62.87972
13.06708,-2.1876645,62.85305
13.105927,-2.1686523,62.82453
13.14664,-2.1485107,62.794632
13.188746,-2.1273317,62.76369
13.235374,-2.1035893,62.729393
13.27837,-2.0812201,62.69772
13.325721,-2.0559824,62.662777
13.372698,-2.0302258,62.62801
13.406465,-2.011366,62.602985
13.438614,-1.9893935,62.573044
13.469612,-1.9605546,62.53256
13.500944,-1.9253374,62.48264
13.528455,-1.8894185,62.43163
13.552836,-1.8527061,62.379723
13.57461,-1.8152306,62.327076
13.594149,-1.7768397,62.273808
13.611717,-1.7375638,62.22002
13.627473,-1.6972198,62.165764
13.64036,-1.6587678,62.115166
13.6510315,-1.6242832,62.07027
13.664132,-1.581925,62.015163
13.710744,-1.5644143,62.02652
13.694898,-1.4980992,61.47586
13.689495,-1.4639498,61.080666
13.686427,-1.4417329,60.821114
13.683942,-1.4235443,60.613163
13.678894,-1.387472,60.2179
13.67781,-1.380514,60.15111
13.679029,-1.1604209,59.671448
13.68113,-1.0236715,59.4126
13.6825485,-0.90974927,59.202763
13.682911,-0.81355774,59.032116
13.681041,-0.7294512,58.890778
13.678259,-0.66710365,58.789536
13.68332,-0.6071975,58.697594
13.704148,-0.543141,58.610374
13.735657,-0.4826245,58.537914
13.770434,-0.43101916,58.484356
13.810259,-0.3810923,58.440445
13.857542,-0.3281747,58.401966
13.910748,-0.27324298,58.3707
13.96466,-0.22050844,58.349644
14.015086,-0.17238206,58.339046
14.051831,-0.13737829,58.334682
14.098264,-0.09633205,58.324913
14.140113,-0.06462413,58.30912
14.1825905,-0.036364745,58.287556
14.22249,-0.012408343,58.26338
14.263246,0.010296891,58.235847
14.3074875,0.03370403,58.203686
14.339835,0.050427716,58.17928
14.375978,0.06907411,58.152
14.366708,0.07703154,58.11441
14.9170065,0.0838368,58.071365
16.142538,0.074254125,57.97779
17.026087,0.071263246,57.91016
17.417654,0.07306373,57.88145
17.725536,0.07645118,57.859993
17.938082,0.0798691,57.845795
18.124628,0.07956387,57.83446
18.276766,0.07196494,57.827873
18.403114,0.05740801,57.82581
18.503473,0.041660886,57.826042
19.127926,-0.55508,58.13001
19.382868,-1.4166828,58.344284
19.329386,-1.7574117,58.351475
19.26199,-2.090572,58.34854
19.20926,-2.288204,58.337765
19.162825,-2.4181173,58.321903
19.117393,-2.5116844,58.30126
19.073017,-2.5760765,58.27676
19.0261,-2.621334,58.246998
18.984686,-2.6428185,58.21741
18.943935,-2.6497154,58.18562
18.900532,-2.6451075,58.149372
18.858732,-2.6303675,58.112324
18.821266,-2.6091273,58.077385
18.783905,-2.5816615,58.041187
18.74363,-2.5465968,58.001007
18.704344,-2.5074122,57.960926
18.676323,-2.4775968,57.93205
18.56449,-2.3833299,58.103012
18.63996,-2.265154,58.304825
18.63174,-2.240067,58.320004
18.627413,-2.218908,58.339226
18.625175,-2.2165558,58.33693
18.624529,-2.215853,58.33626
18.624006,-2.2152414,58.335724
18.623665,-2.214935,58.33537
18.623436,-2.21469,58.335136
18.623228,-2.2143836,58.33492
18.623095,-2.2141995,58.334778
18.639843,-2.358545,58.022827
18.64536,-2.3784194,57.90936
18.650677,-2.383342,57.794273
18.650677,-2.383342,57.794273
19.20296,-2.3507798,57.816853
20.463947,-2.2817185,57.868572
20.924469,-2.257579,57.88747
21.245728,-2.24113,57.90058
21.523777,-2.2277024,57.911766
21.694159,-2.2197678,57.918545
21.824066,-2.2137253,57.923717
21.923115,-2.2091477,57.927658
21.998636,-2.2056382,57.930664
22.05588,-2.2037766,57.932816
22.08447,-2.2044175,57.933628
22.091719,-2.2067368,57.933468
22.083073,-2.2102158,57.93261
22.062588,-2.2144578,57.931244
22.033285,-2.2191575,57.92953
21.992096,-2.2249863,57.927246
21.952751,-2.2299302,57.92517
21.909393,-2.234935,57.92296
21.873808,-2.2388718,57.921165
21.832079,-2.2206688,58.145054
21.833017,-2.2163913,58.165016
21.866684,-2.2186732,58.142212
21.890139,-2.2196305,58.121513
21.872183,-2.2202303,58.13083
21.870584,-2.2202291,58.130753
21.870152,-2.2202287,58.130722
21.869831,-2.2202284,58.130714
21.86962,-2.220228,58.130714
21.869457,-2.2202277,58.130714
21.869425,-2.2202272,58.13072
21.869425,-2.220227,58.13072
21.813387,-2.2432644,58.032597
21.756159,-2.251461,57.9328
21.756159,-2.251461,57.932804
21.75616,-2.251461,57.932804
21.756165,-2.251461,57.932808
21.359259,-2.2582357,58.30301
20.451202,-2.272701,59.131218
19.353416,-2.2865255,60.123753
19.019382,-2.2898214,60.426357
18.736261,-2.291927,60.685482
18.546036,-2.2929342,60.861324
18.406712,-2.293392,61.000473
18.297293,-2.2930257,61.13071
18.224464,-2.291988,61.23874
18.17975,-2.290401,61.329937
18.159065,-2.288509,61.401833
18.1531,-2.2862506,61.465855
18.158833,-2.2837481,61.52323
18.173872,-2.2810626,61.574955
18.19631,-2.2782245,61.621826
18.224648,-2.2752643,61.664516
18.257706,-2.2722735,61.703545
18.29456,-2.2692218,61.739353
18.334482,-2.26617,61.772305
18.376911,-2.2631488,61.80266
18.421412,-2.260219,61.83062
18.656504,-2.2230685,61.71272
18.562735,-2.2243392,61.684742
18.491419,-2.2247114,61.704712
18.465551,-2.2247393,61.722538
18.467117,-2.2247398,61.72346
18.468138,-2.22474,61.72406
18.468817,-2.2247403,61.72446
18.469334,-2.2247405,61.724762
18.46973,-2.2247407,61.724995
18.47003,-2.224741,61.725178
18.437447,-2.2238803,61.739655
18.490042,-2.2407088,61.824963
18.546747,-2.2441742,61.916847
18.54548,-2.243564,61.914722
18.544046,-2.2428923,61.912308
18.543236,-2.2423124,61.91095
18.530405,-2.2423346,61.87693
18.905035,-2.238825,61.50987
19.790451,-2.2318978,60.69139
20.926283,-2.2250009,59.663597
21.931318,-2.2217965,58.749855
22.28926,-2.2212472,58.421642
22.527185,-2.2212167,58.201603
22.707577,-2.2214913,58.032803
22.87477,-2.2220104,57.884502
23.004004,-2.2228649,57.788715
23.126484,-2.2242076,57.71553
23.233974,-2.2259471,57.667793
23.328371,-2.2279003,57.63884
23.404263,-2.2297618,57.62474
23.473312,-2.231715,57.619743
23.541939,-2.2338817,57.62186
23.600485,-2.2359264,57.629726
23.656343,-2.238032,57.642147
23.710081,-2.2401683,57.658222
23.762102,-2.2423046,57.677254
23.812725,-2.2444103,57.69871
23.862179,-2.246516,57.72217
23.910633,-2.2485301,57.747337
23.954632,-2.2503307,57.77203
23.88066,-2.2251892,57.990067
24.044783,-2.2294977,58.065876
24.148645,-2.2313802,58.065796
24.188265,-2.2319913,58.055664
24.19142,-2.2319908,58.0575
24.19214,-2.2319906,58.057915
24.192564,-2.2319906,58.05816
24.192852,-2.2319903,58.058327
24.193108,-2.2319903,58.05847
24.193302,-2.23199,58.058586
24.193453,-2.2319899,58.058678
24.226534,-2.2309313,58.044777
24.175201,-2.2468922,57.958885
24.119827,-2.249264,57.86672
24.120863,-2.2487757,57.86846
24.117289,-2.248501,57.87507
24.105377,-2.2487452,57.890602
24.087233,-2.2494166,57.912746
24.064425,-2.250332,57.93979
24.036102,-2.2514307,57.97284
24.007734,-2.2525904,58.005566
23.977276,-2.2538111,58.040443
23.952526,-2.2547574,58.0687
23.863636,-2.274136,58.667515
23.773985,-2.311215,59.91354
23.72887,-2.3323026,60.802643
23.709278,-2.340176,61.231495
23.695456,-2.3443265,61.530945
23.68297,-2.3456388,61.78881
23.673964,-2.3449063,61.96551
23.66797,-2.344418,62.083157
23.6634,-2.344052,62.17286
23.659542,-2.3437774,62.248573
23.65655,-2.3415496,62.297825
23.653873,-2.3356597,62.32317
23.651974,-2.3282135,62.32525
23.650345,-2.31857,62.3107
23.649149,-2.3088348,62.286503
23.64837,-2.299649,62.25601
23.647835,-2.2904937,62.219334
23.647467,-2.2806976,62.17485
23.647293,-2.2737396,62.14147
23.822842,-2.2372513,62.221996
24.047586,-2.1585503,62.02156
24.032406,-2.1510286,61.91827
23.987139,-2.1499348,61.82986
23.922266,-2.1510952,61.759163
23.847164,-2.1494255,61.701336
23.763933,-2.1449645,61.657192
23.674902,-2.1374388,61.627758
23.601934,-2.125076,61.607883
23.600368,-2.1098592,61.58347
23.635237,-2.094034,61.557774
23.635033,-2.0771368,61.53434
23.635033,-2.0771368,61.53434
23.635033,-2.0771368,61.53434
23.635033,-2.0771368,61.53434
23.635033,-2.0771368,61.53434
23.635035,-2.0771368,61.53434
23.635035,-2.0771368,61.53434
23.638306,-2.2249866,61.844963
23.639717,-2.246121,61.958332
23.641253,-2.2523499,62.073483
23.641253,-2.2523499,62.073483
23.641254,-2.2523499,62.073483
23.641254,-2.2523499,62.073483
23.641254,-2.2523499,62.073483
23.263037,-2.555359,61.685654
22.397797,-3.2372437,60.816406
21.691662,-4.3147426,60.099236
21.414398,-5.0072412,59.802155
21.389519,-5.0072412,59.765327
21.389519,-5.0072412,59.765327
21.389519,-5.004281,59.765327
21.329119,-5.002877,58.033157
21.259724,-5.0059595,56.041916
21.189997,-5.0033655,54.043118
21.162119,-5.0046167,53.24367
21.162119,-5.0046167,53.24367
20.421297,-5.002877,52.26814
20.397783,-5.0027246,52.237175
20.397783,-5.0027246,52.237175
18.669538,-5.0025415,52.104668
16.675417,-5.002511,51.95178
16.620024,-5.002511,51.947536
16.56463,-5.002511,51.943295
16.56463,-5.002511,51.943295
16.56463,-5.002511,51.943295
16.56463,-5.002511,51.943295
16.56463,-5.002511,51.943295
16.56463,-5.002511,51.943295
16.56463,-5.002511,51.943295
16.56463,-5.002511,51.943295
16.56463,-5.002511,51.943295
16.56463,-5.002511,51.943295
16.56463,-5.002511,51.943295
16.56463,-5.002511,51.943295
16.56463,-5.002511,51.943295
16.56463,-5.002511,51.943295
16.56463,-5.002511,51.943295
16.56463,-5.002511,51.943295
16.56463,-5.002511,51.943295
16.56463,-5.002511,51.943295
16.56463,-5.002511,51.943295
16.56463,-5.002511,51.943295
16.417465,-5.002511,52.10971
16.417465,-5.002511,52.10971
16.417465,-5.002511,52.10971
16.417465,-5.002511,52.10971
14.699467,-5.002511,52.33847
14.501269,-5.002511,52.364864
14.501269,-5.002511,52.364864
13.524283,-5.002511,53.121933
13.493576,-5.002511,53.14573
13.471651,-5.002511,53.162716
13.471651,-5.002511,53.162716
13.471651,-5.002511,53.162716
13.4263315,-5.007882,54.89167
13.373871,-5.003793,56.891003
13.321458,-5.0027857,58.890232
13.2678795,-5.002572,60.93393
13.215542,-5.002511,62.930416
13.163166,-5.002511,64.929695
13.161711,-5.002511,64.98522
13.161711,-5.002511,64.98522
13.161711,-5.002511,64.98522
13.161711,-5.002511,64.98522
13.161711,-5.002511,64.98522
13.161711,-5.002511,64.98522
13.161711,-5.002511,64.98522
13.161711,-5.002511,64.98522
13.161711,-5.002511,64.98522
13.161711,-5.002511,64.98522
13.161711,-5.002511,64.98522
13.161711,-5.002511,64.98522
13.161711,-5.002511,64.98522
13.161711,-5.002511,64.98522
13.161711,-5.002511,64.98522
13.161711,-5.002511,64.98522
13.161711,-5.002511,64.98522
13.329133,-5.002511,65.13125
13.329133,-5.002511,65.13125
13.329133,-5.002511,65.13125
13.329133,-5.002511,65.13125
13.583743,-5.002511,66.54163
13.583743,-5.002511,66.54163
13.900679,-5.002511,67.02828
13.92341,-5.002511,67.06315
13.92341,-5.002511,67.06315
13.92341,-5.002511,67.06315
15.652079,-5.010873,67.11419
17.650942,-5.0044947,67.173615
19.649916,-5.002969,67.23305
21.648863,-5.002633,67.29255
23.64794,-5.0025415,67.35198
25.347155,-5.002511,67.402565
25.347155,-5.002511,67.402565
25.347155,-5.002511,67.402565
26.357626,-5.002511,66.63427
26.357626,-5.002511,66.63427
26.357927,-5.002511,66.634254
26.357927,-5.002511,66.634254
26.415648,-5.007638,64.90571
26.48255,-5.002511,62.914764
26.549646,-5.002511,60.916077
26.616762,-5.002511,58.91736
26.640245,-5.002511,58.217842
26.640245,-5.002511,58.217842
26.640245,-5.002511,58.217842
26.640245,-5.002511,58.217842
26.640245,-5.002511,58.217842
26.640245,-5.002511,58.217842
26.640245,-5.002511,58.217842
26.640245,-5.002511,58.217842
26.640245,-5.002511,58.217842
26.640245,-5.002511,58.217842
26.640245,-5.002511,58.217842
26.640245,-5.002511,58.217842
26.640245,-5.002511,58.217842
26.640245,-5.002511,58.217842
26.640245,-5.002511,58.217842
26.332718,-5.002511,58.653484
26.332718,-5.002511,58.653484
26.222466,-5.002511,60.62522
26.172215,-5.002511,61.523735
26.172215,-5.002511,61.523735
26.172215,-5.002511,61.523735
26.172215,-5.002511,61.523735
26.172215,-5.002511,61.523735
26.172215,-5.002511,61.523735
26.172215,-5.002511,61.523735
26.172215,-5.002511,61.523735
26.172215,-5.002511,61.523735
26.172215,-5.002511,61.523735
26.172215,-5.002511,61.523735
26.172215,-5.002511,61.523735
26.172215,-5.002511,61.523735
26.172215,-5.002511,61.523735
26.172215,-5.002511,61.523735
26.172215,-5.002511,61.523735
26.172215,-5.002511,61.523735
25.893002,-5.002511,61.196095
25.893002,-5.002511,61.196095
25.731749,-5.002511,60.341843
25.724545,-5.002511,60.303665
25.724545,-5.002511,60.303665
25.724545,-5.002511,60.303665
25.724545,-5.002511,60.303665
25.724545,-5.002511,60.303665
25.724545,-5.002511,60.303665
25.724545,-5.002511,60.303665
25.724545,-5.002511,60.303665
25.724545,-5.002511,60.303665
25.724545,-5.002511,60.303665
25.724545,-5.002511,60.303665
25.724545,-5.002511,60.303665
25.724545,-5.002511,60.303665
25.724545,-5.002511,60.303665
25.724545,-5.002511,60.303665
25.346191,-5.002511,60.047703
25.149855,-4.9960413,59.915268
25.003265,-4.9763575,59.80852
24.905422,-4.9469995,59.727192
24.84886,-4.909829,59.678783
24.82228,-4.8736353,59.65506
24.812376,-4.8316736,59.64487
24.817389,-4.7889185,59.64707
24.833075,-4.7459803,59.658207
24.856394,-4.7031336,59.675793
24.885162,-4.66047,59.698032
24.91783,-4.6180506,59.723637
24.945335,-4.584176,59.745323
24.981947,-4.5391626,59.774185
25.001171,-4.5155115,59.789364
25.011272,-4.50303,59.797333
25.016167,-4.497018,59.801193
24.478182,-4.094186,59.81099
23.253172,-3.18583,59.813595
21.710365,-2.0076075,59.80797
20.302183,-0.8489467,59.827248
19.821833,-0.4186183,59.842644
19.509098,-0.120278455,59.85494
19.262835,0.11116686,59.865646
19.073322,0.28765002,59.874638
18.933641,0.41771594,59.88127
18.82748,0.5189122,59.88746
18.766546,0.58220565,59.893417
18.738167,0.61760604,59.89856
18.733192,0.6328038,59.90282
18.744602,0.63292587,59.906006
18.768648,0.6229466,59.90886
18.801332,0.60509384,59.911114
18.840225,0.5813817,59.912834
18.883575,0.55321395,59.9141
18.930124,0.5215367,59.914967
18.978971,0.48702136,59.91546
19.029469,0.4501256,59.915585
19.328596,0.41544673,59.99703
19.591312,0.47221953,59.9291
19.70144,0.52352214,59.88739
19.732103,0.535372,59.88609
19.738125,0.5309222,59.886093
19.738625,0.53058773,59.886093
19.738943,0.53028405,59.886093
19.739151,0.53004074,59.886097
19.739304,0.53004164,59.886097
19.739332,0.53004235,59.886097
19.739332,0.53004324,59.886097
19.434624,0.3708236,59.89897
19.322214,0.34555355,59.90392
19.207481,0.33505228,59.909054
19.207483,0.33505228,59.909054
19.760809,0.3342285,59.90743
21.034746,0.33145148,59.900425
21.490866,0.32992566,59.897408
21.838205,0.32772845,59.895332
22.103687,0.32385272,59.894264
22.285696,0.3195803,59.893925
22.432375,0.3161318,59.89365
22.52795,0.31390408,59.893467
22.591934,0.31091335,59.893642
22.62931,0.30578652,59.8944
22.640873,0.299683,59.895508
22.633842,0.29315227,59.896816
22.613426,0.28652996,59.89823
22.583363,0.2800603,59.89969
22.548923,0.27426195,59.901054
22.506159,0.2681585,59.902557
22.460001,0.26239073,59.90404
22.411392,0.2570807,59.905487
22.371675,0.25302187,59.906628
22.34761,0.24882768,59.906853
22.348587,0.2480891,59.90636
22.36267,0.24967486,59.905495
22.38356,0.25287974,59.90445
22.37885,0.25230044,59.904583
22.377775,0.25230065,59.904625
22.377073,0.2523008,59.90466
22.37661,0.252301,59.90466
22.376253,0.25230122,59.90466
22.375984,0.25230137,59.90466
22.375778,0.25230154,59.904663
22.26087,0.24179198,59.9098
22.260872,0.24179198,59.9098
22.813778,0.25732553,59.908222
23.467327,0.27456802,59.905285
23.81018,0.28280777,59.90361
24.075785,0.28872824,59.90241
24.282396,0.29257345,59.901657
24.433184,0.29409936,59.901398
24.552279,0.29455712,59.901363
24.640059,0.29483178,59.90134
24.704752,0.2951065,59.90134
24.752438,0.29538122,59.901344
24.84931,0.29665092,59.900047
24.910341,0.2987823,59.898758
24.95481,0.30183414,59.89748
24.991653,0.30580306,59.89621
24.996763,0.30580345,59.896214
24.99793,0.30580366,59.896214
24.998695,0.3058038,59.896214
24.999203,0.30580395,59.896214
24.999592,0.3058041,59.896214
24.999887,0.30580422,59.896214
25.000114,0.30580437,59.896214
24.885607,0.29529002,59.901356
24.885607,0.29529008,59.901356
24.879963,0.2948018,59.897587
24.863108,0.29333702,59.886333
24.83984,0.2913229,59.870804
24.808668,0.28866786,59.85003
24.773474,0.28564662,59.826588
24.73815,0.28268647,59.803074
24.691473,0.27881074,59.772026
24.653875,0.27569795,59.74702
24.611065,0.27224952,59.71856
24.570736,0.2690757,59.69175
24.525705,0.26556617,59.661823
24.489685,0.26281965,59.63789
24.346685,0.2560753,59.044132
24.274725,0.2538781,58.61002
24.230791,0.25271842,58.323547
24.197577,0.25186393,58.098694
24.172613,0.25125363,57.921467
24.153883,0.2508264,57.778503
24.138922,0.2504907,57.651024
24.130116,0.25021604,57.568
24.124252,0.24997194,57.51273
24.119785,0.24984987,57.47058
24.3345,0.2856231,57.352745
24.304155,0.28458393,57.253796
24.303415,0.284584,57.246815
24.30292,0.28458408,57.242165
24.302542,0.28458413,57.23862
24.302258,0.28458428,57.23592
24.302036,0.2845844,57.233856
24.30187,0.28458455,57.23228
24.286335,0.28571185,57.19845
24.203362,0.26497528,57.25138
24.113537,0.25721997,57.309826
24.115238,0.2577998,57.308437
24.117416,0.25856274,57.306656
24.115765,0.24693555,57.84691
24.094261,0.22062933,59.06116
24.055939,0.19157666,60.597984
24.029943,0.17531079,61.86675
24.023174,0.17128247,62.366383
24.02122,0.16984808,62.7455
24.021372,0.16957343,62.999794
24.021473,0.16945136,63.1691
24.02155,0.16945136,63.298187
24.0236,0.17085516,63.401073
24.028849,0.17451727,63.46407
24.035864,0.17952216,63.497215
24.04385,0.18522894,63.508064
24.052322,0.19133246,63.50229
24.061695,0.19798529,63.48306
24.070194,0.20396674,63.45595
24.080236,0.2110163,63.415314
24.088766,0.21690619,63.374935
24.097025,0.22252142,63.330673
24.104399,0.22740424,63.287037
24.111685,0.23210394,63.24064
24.119425,0.23701727,63.1883
24.12682,0.2414118,63.1354
24.342382,0.2819562,62.946934
24.36569,0.28239173,63.046898
24.335926,0.2819641,63.11175
24.336916,0.28269687,63.104435
24.337143,0.2827276,63.10276
24.337276,0.28272772,63.10177
24.33738,0.28272787,63.101013
24.33746,0.28272796,63.10044
24.337519,0.28272808,63.1
24.337564,0.28272822,63.099667
24.241955,0.26085234,63.038612
24.243965,0.26461187,63.084343
24.264278,0.26954913,63.10419
24.254065,0.27503034,63.148735
24.254066,0.27503055,63.148735
24.254066,0.27503076,63.148735
24.223402,0.27490702,63.166634
24.223402,0.27490726,63.166634
24.223404,0.27490732,63.166634
24.223404,0.27490747,63.166634
24.223404,0.27490753,63.166634
24.223404,0.27490765,63.166634
24.223404,0.27490774,63.166634
24.223406,0.27490786,63.166637
24.167767,0.25715947,63.067177
24.167767,0.25715953,63.067177
24.163683,0.2530703,63.06216
24.150826,0.24013083,63.046345
24.13188,0.22108792,63.02301
24.10871,0.19774202,62.994427
24.084286,0.1732364,62.964252
24.057507,0.14638099,62.93111
24.029047,0.11781658,62.895817
23.999386,0.08809246,62.85896
23.968876,0.05754442,62.820972
23.940075,0.028766397,62.78503
23.907885,-0.0033686133,62.74476
23.882132,-0.029033896,62.712486
23.57056,-0.56959164,62.320606
23.411512,-0.8787652,62.118576
23.309439,-1.1177484,61.988037
23.246193,-1.3012505,61.907013
23.210693,-1.442028,61.86146
23.185745,-1.5537834,61.84076
23.156738,-1.6561087,61.838177
22.991066,-1.8081473,61.721607
22.310793,-2.0533254,61.063515
21.313234,-2.292034,60.02472
20.163574,-2.4882925,58.79712
19.799532,-2.5387075,58.406624
19.523544,-2.5722156,58.112854
19.312346,-2.590526,57.892467
19.166996,-2.598308,57.74391
19.041578,-2.598003,57.618134
18.935255,-2.5837512,57.516846
18.85167,-2.5620227,57.44311
18.769197,-2.5311387,57.3783
18.694508,-2.4943345,57.331192
18.628881,-2.4522812,57.30457
18.58289,-2.4090378,57.299385
18.553333,-2.361705,57.30718
18.53772,-2.3075974,57.32396
18.537308,-2.2524827,57.34515
18.549204,-2.196849,57.367798
18.563517,-2.1522934,57.385952
19.089178,-1.4855758,57.525425
19.352476,-1.1460372,57.585274
19.52142,-0.8845321,57.62172
19.509974,-0.7892648,57.629845
19.481524,-0.72301114,57.628407
19.445799,-0.67180264,57.622467
19.402315,-0.6241647,57.61335
19.35601,-0.5840646,57.602295
19.311255,-0.5524484,57.59074
19.260496,-0.52165616,57.57703
19.203766,-0.49174893,57.561195
19.14967,-0.46605313,57.545807
19.099432,-0.44438565,57.531315
19.052103,-0.42543423,57.517567
19.009958,-0.40898526,57.505295
18.966688,-0.3906442,57.49396
18.91473,-0.3658334,57.48268
18.858831,-0.3375436,57.471916
18.803045,-0.30812466,57.46207
18.747328,-0.2777902,57.45299
18.691639,-0.24666226,57.444565
18.635954,-0.21467984,57.436726
18.580254,-0.18184292,57.42941
18.524527,-0.14818203,57.42261
18.468761,-0.11354458,57.416325
18.424213,-0.08546841,57.411533
17.795092,0.0083426265,57.40722
16.759962,0.099925876,57.42338
16.349115,0.13221347,57.432625
15.985507,0.16114414,57.44039
15.759038,0.1803397,57.44407
15.602841,0.19449985,57.445755
15.487718,0.20493686,57.447
15.402867,0.21262729,57.44791
15.340331,0.21833408,57.448586
15.29424,0.22251499,57.44908
15.263728,0.22651279,57.44876
15.257108,0.2306937,57.446945
15.267346,0.2345084,57.444336
15.288976,0.2381705,57.441105
15.32125,0.24195468,57.437164
15.35979,0.24537265,57.433037
15.402833,0.24842441,57.42883
15.479098,0.2555986,57.449696
15.47663,0.26137638,57.480373
15.449501,0.26678067,57.499165
15.381815,0.2718125,57.48196
15.341613,0.26956785,57.386562
15.344238,0.26879337,57.315628
15.317749,0.27473125,57.30873
15.328697,0.27443278,57.274742
15.328713,0.27443284,57.274742
15.328713,0.27443284,57.274742
15.328713,0.27443284,57.274742
15.328713,0.27443284,57.274742
15.328713,0.27443284,57.274742
15.328713,0.27443284,57.274742
15.328713,0.27443284,57.274742
15.328713,0.27443284,57.274742
15.433813,0.25657034,57.31877
15.433813,0.25657034,57.31877
15.433813,0.25657034,57.31877
15.489187,0.25584003,57.272694
15.475067,0.2576711,57.248207
15.506444,0.25835395,57.239918
15.503156,0.25987983,57.21716
15.530857,0.2605221,57.230717
15.536276,0.26143762,57.218876
15.436113,0.25542566,57.22128
15.313528,0.24773525,57.233948
15.213495,0.24150966,57.245323
15.120485,0.23589443,57.256775
15.035017,0.23095058,57.26797
14.957647,0.22670864,57.2786
14.880268,0.22277187,57.289684
14.814966,0.21978115,57.29944
14.752569,0.2172787,57.309086
14.6873455,0.21508144,57.319458
14.625311,0.213464,57.32958
14.576939,0.21245693,57.33757
14.533445,0.21141933,57.34833
14.481377,0.21004604,57.36772
14.432566,0.20870326,57.389984
14.384525,0.20739101,57.41441
14.333221,0.20607875,57.442593
14.287346,0.20498012,57.46949
14.237888,0.20400356,57.499836
14.189672,0.20317958,57.530552
14.142376,0.2026913,57.56158
14.095768,0.2025082,57.59289
14.049667,0.20263027,57.624435
14.016586,0.2028744,57.647278
13.974262,0.20308803,57.676502
13.884064,0.18822597,58.245605
13.7545185,0.15688442,59.47573
13.632669,0.13311122,60.811966
13.596693,0.12764858,61.233936
13.539598,0.123081215,61.577217
13.525457,0.120670326,61.78598
13.506632,0.1174965,62.063858
13.497915,0.1160316,62.192497
13.442474,0.11513078,62.268364
13.475956,0.11778581,62.320236
13.536638,0.121631026,62.37228
13.583563,0.124560714,62.409504
13.643057,0.12822282,62.4504
13.697334,0.13164079,62.483387
13.763161,0.13588274,62.520336
13.823223,0.13985002,62.551964
13.87636,0.14354265,62.578712
13.928686,0.14732683,62.604103
13.9842,0.15150774,62.630257
14.038136,0.15581071,62.655006
14.090988,0.16020525,62.678726
14.139627,0.16453874,62.700157
14.188833,0.1691469,62.72153
14.238453,0.17406023,62.742832
14.281956,0.17851579,62.7614
14.322079,0.18181169,62.775646
14.374716,0.18458879,62.78898
14.429716,0.18657243,62.799603
14.485443,0.1880678,62.808376
14.550434,0.18953264,62.817223
14.617708,0.19081438,62.82531
14.686636,0.1920656,62.832794
14.754444,0.19325578,62.83962
14.818514,0.19438493,62.845715
14.879902,0.19560564,62.851276
14.939371,0.19691789,62.85643
14.997467,0.19826066,62.861286
15.050293,0.19966447,62.86557
15.107941,0.20137346,62.870144
15.164738,0.20326555,62.874577
15.220922,0.20537126,62.878902
15.276674,0.20772111,62.88316
15.332115,0.21037614,62.887363
15.387342,0.21333635,62.891533
15.431368,0.21589983,62.89485
15.4714,0.22107424,62.877415
15.476465,0.22540094,62.864933
15.4522,0.22918089,62.893143
15.429984,0.23355973,62.92915
15.409169,0.23858842,62.950703
15.421663,0.23821162,62.98511
15.438147,0.23805077,63.01715
15.438477,0.23805077,63.01719
15.43869,0.23805077,63.0172
15.438803,0.23805077,63.0172
15.438803,0.23805077,63.0172
15.438803,0.23805077,63.0172
15.438803,0.23805077,63.0172
15.5401945,0.2233561,62.96423
15.5401945,0.2233561,62.96423
15.53629,0.22360024,62.958668
15.524629,0.22430214,62.942047
15.50739,0.22533974,62.91746
15.486144,0.22662148,62.887146
15.462018,0.2280558,62.852703
15.435819,0.22964272,62.81529
15.414136,0.23092446,62.78431
15.385278,0.23263344,62.7431
15.405364,0.23318848,62.748528
15.388782,0.23459229,62.746765
15.41884,0.23514979,62.74359
15.416149,0.23630945,62.756126
15.406416,0.23646204,62.75839
15.37961,0.23594324,62.75457
15.340532,0.23508875,62.746292
15.292637,0.23392908,62.73474
15.238405,0.23255579,62.720787
15.179626,0.23106043,62.705055
15.117573,0.22953455,62.68802
15.053171,0.22803919,62.670017
14.994188,0.22672693,62.653336
14.932112,0.22550623,62.635647
14.87274,0.22437708,62.61862
14.815311,0.22346155,62.602074
14.759272,0.22279017,62.585873
14.704229,0.22227137,62.569916
14.649899,0.22196619,62.55414
14.596077,0.22178309,62.538494
14.553276,0.22178309,62.52606
14.505581,0.22153895,62.509212
14.460011,0.22098963,62.486942
14.415888,0.22028773,62.46221
14.368044,0.21934168,62.433434
14.321192,0.21842615,62.403618
14.275085,0.21751063,62.373
14.229551,0.21665613,62.34177
14.184448,0.21601526,62.31005
14.139673,0.21540491,62.277954
14.098473,0.21509974,62.247967
14.053171,0.21491663,62.21463
14.0082855,0.2150387,62.18131
13.972599,0.21531336,62.154697
13.943838,0.2153744,62.13325
13.853104,0.19340174,61.558155
13.732904,0.14689295,60.325787
13.691275,0.1301388,59.867653
13.631575,0.112682745,59.08488
13.608356,0.10850184,58.73339
13.592016,0.10633509,58.475433
13.581232,0.10709803,58.27476
13.574902,0.109142706,58.135487
13.566475,0.11185877,57.950123
13.527879,0.11279094,57.889545
13.524764,0.114133716,57.845104
13.910884,0.10626018,57.42364
14.784034,0.087186694,56.55065
15.882785,0.073179126,55.473766
16.285597,0.07021892,55.081596
16.52424,0.06960857,54.85044
16.710377,0.0717448,54.672962
16.856895,0.07681072,54.53691
16.959599,0.082395434,54.44371
17.0963,0.08978069,54.319656
17.11824,0.09231704,54.251373
17.143213,0.09439223,54.227486
17.721676,0.08700698,54.20066
18.959484,0.06527846,54.197838
20.499146,0.042359766,54.205273
22.176449,0.03299087,54.227352
23.047005,0.039094385,54.248257
23.492805,0.047273096,54.263405
23.831392,0.05642837,54.277355
24.089207,0.06820815,54.29198
24.265299,0.0794081,54.304703
24.395088,0.08764785,54.31408
24.493793,0.09808486,54.32398
24.55034,0.11328261,54.335606
24.576122,0.13028091,54.347153
24.57962,0.14758438,54.357952
24.567009,0.16433853,54.36776
24.54277,0.18017715,54.376545
24.51014,0.19494766,54.38434
24.471445,0.20852798,54.391212
24.425385,0.22180313,54.397697
24.380009,0.23263687,54.4028
24.28572,0.24868982,54.420532
24.221535,0.25849533,54.40822
24.185492,0.2651344,54.36872
24.172655,0.27055162,54.324993
24.192532,0.2755541,54.270638
24.214905,0.28056663,54.233902
24.283691,0.28003547,54.228165
24.317587,0.27957076,54.236053
24.350073,0.27921805,54.250134
24.394962,0.28502038,54.246826
24.364735,0.28491858,54.228195
24.364735,0.28491858,54.228195
24.364735,0.28491858,54.228195
24.364735,0.28491858,54.228195
24.364735,0.28491858,54.228195
24.364735,0.28491858,54.228195
24.364735,0.28491858,54.228195
24.364735,0.28491858,54.228195
24.309395,0.26618862,54.327644
24.309395,0.26618862,54.327644
24.312841,0.2656088,54.33348
24.324244,0.26374722,54.35277
24.340088,0.26118374,54.379543
24.361149,0.25785732,54.415115
24.382664,0.2545309,54.451447
24.40456,0.251235,54.488434
24.422888,0.24854945,54.519413
24.448181,0.24488734,54.56214
24.403,0.2429762,54.576286
24.407959,0.24352552,54.569386
24.364708,0.24384804,54.595997
24.365883,0.2443058,54.58683
24.387602,0.24317665,54.58484
24.422096,0.24104042,54.5888
24.466757,0.23811074,54.596832
24.518715,0.23469277,54.607883
24.575918,0.2309391,54.621178
24.63245,0.22733803,54.635063
24.697428,0.22330971,54.65156
24.761753,0.21949501,54.668278
24.822783,0.21607704,54.684387
24.877012,0.21326943,54.698895
24.935276,0.21052285,54.71464
24.991968,0.20817299,54.730087
25.047537,0.20615883,54.745327
25.1023,0.2045414,54.76043
25.156502,0.20338173,54.775436
25.210308,0.20258828,54.790375
25.248993,0.2022831,54.801136
25.722929,0.17545815,55.14559
25.968452,0.16019936,55.338673
26.159348,0.14912148,55.489906
26.3084,0.14182778,55.608944
26.412085,0.13764687,55.69223
26.515669,0.1334659,55.775433
26.595322,0.13138331,55.79383
26.682505,0.10236109,56.390873
26.74085,0.043156993,57.63598
26.75594,0.023229014,58.06209
26.783945,-0.021540273,59.306282
26.79938,-0.051478017,60.852108
26.7977,-0.050593007,61.82415
26.792553,-0.042841543,62.23991
26.78581,-0.032190908,62.59533
26.77716,-0.018732656,62.84302
26.76088,0.0028432712,63.05495
26.739403,0.029820811,63.192947
26.717722,0.060735118,63.283764
26.698692,0.09189356,63.338024
26.682804,0.12143458,63.36474
26.669907,0.1485342,63.370823
26.65966,0.1728567,63.36149
26.6517,0.19434108,63.340652
26.64512,0.21478786,63.309116
26.640907,0.23056544,63.273834
26.638071,0.2440237,63.233612
26.636417,0.25528467,63.189705
26.635796,0.2643484,63.143024
26.624985,0.2793721,63.040916
26.658726,0.28867418,62.96967
26.717602,0.29558602,62.935883
26.76224,0.30170348,62.922306
26.816612,0.3070642,62.942745
26.859497,0.31229395,62.98217
26.864931,0.3115678,63.050945
26.852371,0.31080526,63.10177
26.836708,0.31033346,63.13348
26.815868,0.3099406,63.162224
26.815868,0.30994064,63.162224
26.834846,0.30983374,63.132214
26.834846,0.30983374,63.132214
26.834846,0.30983374,63.132214
26.834846,0.30983374,63.132214
26.834846,0.30983374,63.132214
26.834846,0.30983374,63.132214
26.834846,0.30983374,63.132214
26.736704,0.29183006,63.07436
26.736704,0.29183006,63.07436
26.73225,0.29091454,63.069298
26.717516,0.2878933,63.052547
26.699505,0.2842617,63.03211
26.676838,0.2797451,63.006428
26.650694,0.27461815,62.97685
26.619701,0.2686367,62.941822
26.589624,0.26302147,62.907875
26.557938,0.25728416,62.87215
26.522408,0.2511196,62.83213
26.486656,0.24522974,62.791893
26.45341,0.24010278,62.7545
26.426798,0.23616602,62.724583
26.39275,0.23106952,62.686302
26.336863,0.22832152,62.704556
26.309912,0.1895642,62.162647
26.250082,0.10731932,60.9521
26.166546,0.014362778,59.421986
26.077168,-0.061717544,57.738293
26.022911,-0.08423952,56.41216
26.00798,-0.08433107,55.95029
25.9986,-0.08134035,55.60208
25.993929,-0.07642702,55.362675
25.98542,-0.069438495,55.154343
25.967384,-0.05683473,54.974308
25.950676,-0.045573745,54.863327
25.374708,0.04192015,54.64721
25.093466,0.078236066,54.616207
24.865805,0.107868634,54.598595
24.680882,0.13243529,54.591682
24.530964,0.15315673,54.59339
24.408066,0.17128417,54.60307
24.306696,0.18770263,54.62025
24.223372,0.20290038,54.644558
24.150053,0.21837279,54.677734
24.099932,0.23006102,54.706944
24.066563,0.237843,54.726387
24.049356,0.25146675,54.762863
24.06469,0.2607318,54.76172
24.08693,0.26763564,54.72232
24.107666,0.27440134,54.725384
24.127396,0.28106,54.687366
24.140675,0.2880469,54.646236
24.122746,0.28783655,54.615623
24.122465,0.28783655,54.615784
24.122278,0.28783655,54.61589
24.122137,0.28783655,54.615974
24.122093,0.28783655,54.615997
24.122093,0.28783655,54.615997
24.122093,0.28783655,54.615997
24.104979,0.28880474,54.58449
24.024834,0.27106974,54.64389
23.938576,0.26671216,54.70801
23.940197,0.26720044,54.70681
23.942577,0.26793286,54.70505
23.94387,0.26848218,54.704098
23.944511,0.2685432,54.70362
24.439548,0.25575635,54.769325
24.70176,0.24910353,54.805435
24.9132,0.24385451,54.83451
25.084251,0.23976515,54.85784
25.225311,0.23665236,54.876736
25.336992,0.23439406,54.89149
25.425276,0.23268507,54.906193
25.50255,0.23143385,54.925194
25.577261,0.23054884,54.9495
25.643099,0.23006056,54.976585
25.702269,0.22987746,55.006023
25.756382,0.22999953,55.03746
25.806616,0.23042677,55.070606
25.845243,0.23076247,55.097763
25.896656,0.2313423,55.13392
25.954927,0.23085402,55.701565
26.027054,0.22899245,56.923508
26.109663,0.22673415,58.455498
26.192646,0.22496413,60.134193
26.262732,0.22499464,61.901962
26.282318,0.22533034,62.473602
26.295668,0.22725295,63.280617
26.29591,0.22859572,63.62182
26.294912,0.2297859,63.880768
26.290585,0.23131178,64.140625
26.286016,0.23241042,64.285866
26.279713,0.23390578,64.4863
26.276993,0.23451613,64.57281
26.222235,0.23610304,64.659
26.147223,0.23799513,64.73912
26.087889,0.2394905,64.799576
26.03209,0.24083327,64.85028
25.978415,0.24205397,64.89645
25.938408,0.2429695,64.929504
25.896593,0.24388503,64.96137
25.853426,0.24477004,64.9923
25.809242,0.24562453,65.02246
25.764294,0.2464485,65.052025
25.718765,0.24724196,65.08111
25.676207,0.24794386,65.107635
25.63243,0.24855421,65.134445
25.584116,0.24916457,65.16362
25.545685,0.24971388,65.18665
25.44078,0.2509956,65.22032
25.33488,0.25230786,65.24507
25.2374,0.253437,65.26602
25.146168,0.25450513,65.28403
25.052362,0.25542066,65.30109
24.97346,0.25624463,65.31434
24.894714,0.25685498,65.326775
24.828382,0.2574043,65.33653
24.765089,0.25770947,65.345276
24.704046,0.25798413,65.353226
24.644669,0.25813672,65.36055
24.581747,0.25813672,65.36795
24.521217,0.25801465,65.374756
24.466824,0.25774,65.380615
24.412374,0.25734326,65.386284
24.369404,0.2568855,65.39068
24.474459,0.2834668,65.26223
24.477787,0.28031653,65.40095
24.43891,0.2788294,65.48753
24.433203,0.2788294,65.48811
24.430206,0.2788294,65.48842
24.429335,0.2788294,65.48851
24.428753,0.2788294,65.48857
24.428312,0.2788294,65.48862
24.427975,0.2788294,65.48865
24.427717,0.2788294,65.48868
24.427523,0.2788294,65.48871
24.327631,0.26019865,65.43391
24.327631,0.26019865,65.43391
24.331205,0.26019865,65.42813
24.341278,0.26019865,65.411835
24.356184,0.26019865,65.3877
24.374687,0.26019865,65.35774
24.395872,0.26019865,65.323425
24.413511,0.26019865,65.29485
24.43937,0.26019865,65.25296
24.39045,0.25865763,65.27519
24.41127,0.26054972,65.28566
24.38217,0.26091957,65.28574
24.386066,0.26226234,65.301704
24.358261,0.26296324,65.28746
24.36198,0.2632684,65.295975
24.386316,0.26198667,65.29573
24.419195,0.26000303,65.29046
24.464739,0.25713438,65.28039
24.513388,0.25408262,65.267914
24.571741,0.2504205,65.25184
24.628805,0.24684994,65.2353
24.693989,0.24294369,65.21583
24.75554,0.23937313,65.19698
24.81704,0.23592465,65.17789
24.87613,0.23275082,65.15934
24.93343,0.22985165,65.1412
24.9894,0.22722714,65.12336
25.044388,0.2249078,65.10574
25.098652,0.22289364,65.08829
25.15238,0.22118466,65.07095
25.210075,0.2196893,65.0523
25.250969,0.21877377,65.03906
25.72803,0.19698422,64.686104
25.973856,0.18517391,64.49004
26.149096,0.17730038,64.349236
26.302769,0.17134945,64.22483
26.409431,0.16783993,64.137985
26.490171,0.16549008,64.06476
26.559286,0.16420834,63.985645
26.607122,0.1641473,63.91404
26.644049,0.1650018,63.84193
26.67206,0.16655819,63.771767
26.694744,0.16875546,63.700024
26.70912,0.17122738,63.638218
26.718893,0.17418759,63.57824
26.724918,0.177514,63.519646
26.728216,0.1815118,63.45738
26.728516,0.18554012,63.401913
26.726686,0.18990414,63.34676
26.723053,0.19472592,63.291862
26.717869,0.19985287,63.2372
26.710836,0.20577328,63.1783
26.703169,0.21144955,63.12523
26.705559,0.22215898,63.083557
26.692097,0.22963487,63.06738
26.723204,0.23543768,63.076023
26.724403,0.24125376,63.092194
26.765139,0.24721345,63.10716
26.791275,0.2536933,63.123135
26.791,0.25369337,63.12138
26.822613,0.25354505,63.10457
26.822529,0.25354505,63.104027
26.822529,0.25354505,63.104027
26.822529,0.25354505,63.104027
26.822529,0.25354505,63.104027
26.822529,0.25354505,63.104027
26.822529,0.25354505,63.104027
26.822529,0.25354505,63.104027
26.768482,0.2340198,63.004025
26.713577,0.22945412,62.902718
26.713577,0.22945412,62.902718
26.70844,0.22585304,62.898155
26.69397,0.2158738,62.88529
26.67106,0.2000962,62.8649
26.642963,0.18071754,62.839867
26.61341,0.16017921,62.813526
26.578243,0.13570412,62.782173
26.54403,0.1117173,62.751675
26.505062,0.08419044,62.71695
26.468328,0.057914812,62.684254
26.430336,0.030448992,62.65048
26.399927,0.008323747,62.62348
25.921099,-0.57270044,62.188038
25.713327,-0.85413355,61.996357
25.572186,-1.08152,61.86552
25.480738,-1.2651442,61.78019
25.463034,-1.3932858,61.738705
25.463743,-1.5018673,61.71979
25.478031,-1.5792904,61.720966
25.500198,-1.6404476,61.73355
25.528429,-1.692358,61.7544
25.557074,-1.727972,61.778748
25.59044,-1.7577267,61.809338
25.622364,-1.7776241,61.84023
25.65565,-1.7923336,61.87361
25.692062,-1.8078365,61.90418
25.736298,-1.8306637,61.929375
25.783392,-1.8579464,61.94693
25.828905,-1.8865108,61.957096
25.869816,-1.9130001,61.963734
25.955788,-1.9646969,61.435036
25.990784,-1.9888363,60.22549
25.98665,-2.0012264,58.688046
25.961843,-2.0128841,56.992527
25.938995,-2.0344906,55.221935
25.94139,-2.0639706,53.969204
25.948175,-2.0794125,53.476753
25.954914,-2.0911617,53.148487
25.962372,-2.1016598,52.898617
25.961803,-2.1102047,52.70659
25.94752,-2.1189632,52.535557
25.921534,-2.1274471,52.39862
25.890253,-2.1348934,52.29827
25.85476,-2.142065,52.216595
25.815664,-2.149084,52.149773
25.773523,-2.1560726,52.0949
25.721853,-2.1642513,52.04181
25.673332,-2.171606,52.00365
25.627089,-2.1784725,51.975647
25.58182,-2.1851254,51.951595
25.532686,-2.1923275,51.925484
24.948366,-2.198492,51.89532
23.694399,-2.200842,51.857853
22.15966,-2.2015438,51.812225
20.480314,-2.2026424,51.76608
18.735672,-2.2064877,51.733253
17.178905,-2.214758,51.733807
16.656843,-2.2187557,51.741436
16.263853,-2.2224483,51.751053
15.999198,-2.225378,51.75997
15.804135,-2.2275448,51.766537
15.674264,-2.228979,51.770912
15.560592,-2.2307186,51.776745
15.500108,-2.2326107,51.784054
15.46897,-2.2346249,51.79227
15.459712,-2.2366085,51.800873
15.466746,-2.2385616,51.80955
15.485913,-2.2404232,51.818153
15.514113,-2.2421932,51.826572
15.549035,-2.2438412,51.83478
15.5889635,-2.2453976,51.842743
15.632621,-2.246832,51.850456
15.682748,-2.2482967,51.858547
15.730268,-2.2495174,51.865612
15.779584,-2.250616,51.872475
15.830243,-2.2516842,51.87914
15.881904,-2.2525692,51.885612
15.923001,-2.253271,51.89064
16.206875,-2.229952,51.929363
16.187506,-2.2332733,51.805103
16.11117,-2.2356143,51.753433
16.047337,-2.2367127,51.748344
16.015446,-2.2371576,51.755623
15.972746,-2.2311895,51.742645
15.973427,-2.2311895,51.742737
15.973478,-2.2311895,51.74275
15.973478,-2.2311895,51.74275
15.973478,-2.2311895,51.74275
15.973478,-2.2311895,51.74275
15.973478,-2.2311895,51.74275
15.973478,-2.2311895,51.74275
16.01825,-2.2505777,51.847256
16.0637,-2.2550042,51.95316
16.0637,-2.2550042,51.95316
16.059149,-2.254882,51.958206
16.045551,-2.2544549,51.973267
16.025442,-2.2538445,51.995506
16.00064,-2.253112,52.022903
15.972466,-2.2523491,52.054
15.951026,-2.2517998,52.077656
15.919593,-2.2509758,52.11234
15.901837,-2.250396,52.13193
15.877421,-2.2503827,52.107834
15.350968,-2.2411358,52.20661
15.057122,-2.23607,52.26388
14.827748,-2.2323468,52.308525
14.66256,-2.229997,52.340397
14.513818,-2.2283185,52.368607
14.398799,-2.2273114,52.39009
14.05296,-2.226579,52.57809
13.852057,-2.226701,52.718285
13.693944,-2.2270672,52.832085
13.569396,-2.2274945,52.92506
13.469436,-2.228227,53.00344
13.387681,-2.2293255,53.071735
13.323768,-2.2303936,53.12747
13.248559,-2.231706,53.193047
13.182845,-2.2358563,53.783096
13.129077,-2.243333,55.025337
13.077878,-2.2518475,56.565563
13.030549,-2.260362,58.241764
13.016967,-2.2628033,58.75179
12.988963,-2.2686322,60.133625
12.96791,-2.2738202,61.74308
12.964381,-2.2772992,63.459072
12.973306,-2.278001,64.296455
12.983317,-2.277879,64.74659
12.993934,-2.2774518,65.08808
13.007621,-2.2764447,65.36841
13.019444,-2.275407,65.53972
13.028161,-2.2746441,65.66599
13.034585,-2.2740948,65.75905
13.041841,-2.2732098,65.827805
13.051333,-2.271745,65.86242
13.061713,-2.270036,65.87228
13.073049,-2.2680523,65.86415
13.082438,-2.2663128,65.84445
13.091729,-2.2645428,65.8159
13.101539,-2.2626507,65.77811
13.11078,-2.2608197,65.73568
13.118781,-2.2592022,65.69324
13.127076,-2.2574933,65.644104
13.173353,-2.22627,65.338585
13.047933,-2.2280796,65.34742
12.976006,-2.2302861,65.44949
12.972339,-2.2311666,65.51304
12.97983,-2.2315633,65.54488
13.012602,-2.232403,65.60632
13.01265,-2.232403,65.606026
13.012684,-2.232403,65.605835
13.012693,-2.232403,65.60577
13.012693,-2.232403,65.60577
13.012693,-2.232403,65.60577
13.012693,-2.232403,65.60577
13.104111,-2.249753,65.537605
13.104111,-2.249753,65.537605
13.109709,-2.2499971,65.54145
13.125471,-2.25076,65.55229
13.150438,-2.2518892,65.569496
13.181063,-2.2532625,65.590614
13.213274,-2.2546663,65.61284
13.251604,-2.2562532,65.63931
13.28013,-2.2573824,65.65902
13.321949,-2.2590914,65.68791
13.330856,-2.260057,65.64604
13.325237,-2.259172,65.65665
13.341311,-2.259047,65.62892
13.333091,-2.2582536,65.6259
13.329875,-2.2581925,65.63271
13.332002,-2.2591386,65.65598
13.3385515,-2.2609086,65.69399
13.348363,-2.263228,65.74123
13.360572,-2.265883,65.79509
13.374553,-2.268721,65.853714
13.389842,-2.2716813,65.915764
13.40492,-2.274428,65.97553
13.421653,-2.277266,66.040955
13.437636,-2.279799,66.10281
13.453088,-2.2820573,66.16212
13.46816,-2.2840104,66.21958
13.482968,-2.2856584,66.275734
13.497592,-2.2869706,66.330956
13.512082,-2.2879777,66.38551
13.525407,-2.2886186,66.435555
13.536021,-2.2889543,66.47538
13.550885,-2.289534,66.51983
13.573079,-2.2906632,66.568924
13.598832,-2.2919755,66.61745
13.629798,-2.293532,66.67125
13.660985,-2.2949662,66.72252
13.690061,-2.296187,66.76821
13.722362,-2.2974076,66.81737
13.754672,-2.2983537,66.865204
13.787019,-2.299086,66.91209
13.817018,-2.2995133,66.9548
13.8502035,-2.2996964,67.00148
13.880803,-2.2994828,67.04404
13.9078245,-2.2992082,67.08145
13.933143,-2.298842,67.1165
14.507123,-2.323073,67.18155
15.742158,-2.37773,67.25385
17.279032,-2.4424272,67.33268
18.935432,-2.5037065,67.41181
20.691986,-2.554213,67.486244
21.303257,-2.5691972,67.51053
22.68201,-2.5797563,67.54754
24.270931,-2.5495133,67.56155
24.845175,-2.532332,67.56261
25.181744,-2.5205522,67.562126
25.438538,-2.5066667,67.55846
25.614286,-2.4940934,67.553795
25.84821,-2.4774308,67.54759
25.934286,-2.472083,67.59915
26.000015,-2.4649115,67.6
26.028942,-2.4617376,67.60037
26.044724,-2.4593573,67.59247
26.06528,-2.4550848,67.56716
26.089848,-2.4493475,67.52972
26.117115,-2.442603,67.48377
26.146202,-2.4351568,67.431885
26.1765,-2.4271917,67.37584
26.235847,-2.411231,67.26374
26.25605,-2.4055853,67.22431
26.27741,-2.3994207,67.18214
26.299591,-2.3929205,67.13798
26.32235,-2.386115,67.092384
26.345512,-2.379035,67.04575
26.370638,-2.3712225,66.99499
26.393782,-2.3638678,66.94806
26.417189,-2.3562994,66.90046
26.442469,-2.347846,66.848915
26.462637,-2.3410406,66.80772
26.485466,-2.3333502,66.76109
26.521757,-2.3303266,66.76591
26.537506,-2.340611,66.216774
26.583788,-2.371861,64.98934
26.65287,-2.409245,63.448788
26.729353,-2.4415936,61.763737
26.79343,-2.4569135,60.032578
26.81592,-2.4520917,58.997475
26.81905,-2.4448285,58.561012
26.81829,-2.4365277,58.220173
26.81222,-2.42487,57.92985
26.80429,-2.4138532,57.732895
26.793703,-2.4011273,57.578754
26.778297,-2.3843427,57.480633
26.762218,-2.3666425,57.42446
26.746883,-2.3494916,57.398895
26.732788,-2.333531,57.395527
26.72005,-2.319035,57.408215
26.708632,-2.3059125,57.4325
26.698425,-2.2941022,57.465168
26.689312,-2.2836041,57.503883
26.68117,-2.2741742,57.546978
26.673899,-2.2659345,57.593235
26.66741,-2.2586408,57.641792
26.66303,-2.253819,57.677586
26.661812,-2.2092044,57.962227
26.727903,-2.206058,57.977516
26.774487,-2.20498,57.967293
26.802637,-2.2048988,57.95118
26.802332,-2.204502,57.953682
26.772192,-2.2046309,57.974022
26.77209,-2.2046309,57.97485
26.772076,-2.2046309,57.97498
26.772076,-2.2046309,57.97498
26.772076,-2.2046309,57.97498
26.772076,-2.2046309,57.97498
26.772076,-2.2046309,57.97498
26.772076,-2.2046309,57.97498
26.714771,-2.2291243,57.877953
26.65643,-2.2388327,57.778954
26.65643,-2.2388327,57.778954
26.652184,-2.2388327,57.784264
26.640217,-2.2388327,57.799217
26.622492,-2.2388327,57.821327
26.598827,-2.2389243,57.85081
26.572153,-2.2390463,57.88401
26.543306,-2.239321,57.919876
26.512901,-2.2396262,57.957657
26.481375,-2.2399313,57.996822
26.449043,-2.2402365,58.036976
26.425455,-2.2404807,58.066277
26.34347,-2.231478,58.668114
26.265223,-2.211733,59.917397
26.228212,-2.2006857,60.776745
26.212225,-2.196749,61.18928
26.19979,-2.1945517,61.504215
26.189543,-2.194216,61.745686
26.181982,-2.1949484,61.91162
26.176409,-2.1954978,62.033928
26.1723,-2.1958945,62.124073
26.168991,-2.1961997,62.196712
26.166834,-2.1964743,62.24405
26.16479,-2.1979697,62.275536
26.16269,-2.2017233,62.282806
26.16064,-2.2069418,62.272675
26.158697,-2.2129843,62.25003
26.156742,-2.2199118,62.21636
26.155102,-2.2264426,62.178856
26.153849,-2.2316916,62.14647
26.356075,-2.2078643,62.19281
26.577198,-2.1308184,61.995968
26.56153,-2.127798,61.894173
26.516132,-2.1305058,61.806423
26.451267,-2.1354358,61.73625
26.376106,-2.137061,61.678608
26.292734,-2.1358554,61.63464
26.203474,-2.1318524,61.605434
26.112425,-2.1226306,61.58723
26.110304,-2.1076045,61.562733
26.109158,-2.091742,61.538677
26.1439,-2.0752132,61.513893
26.1439,-2.0752132,61.513893
26.1439,-2.0752132,61.513893
26.1439,-2.0752132,61.513893
26.1439,-2.0752132,61.513893
26.1439,-2.0752132,61.513893
26.1439,-2.0752132,61.513893
26.152874,-2.2205703,61.82558
26.155743,-2.2408087,61.939087
26.15847,-2.2460985,62.054256
26.15847,-2.2460985,62.054256
26.1543,-2.2498217,62.04899
26.142563,-2.2602587,62.03416
26.123985,-2.2768602,62.01067
26.101213,-2.2972155,61.981857
26.075434,-2.3203173,61.949223
26.047499,-2.3454027,61.913837
26.018017,-2.3719835,61.876484
25.98743,-2.3996325,61.83772
25.95605,-2.4281359,61.79794
25.924099,-2.4573717,61.757427
25.894142,-2.4849901,61.719437
25.867516,-2.5095873,61.685677
25.832073,-2.5423021,61.64074
25.794098,-2.5535975,61.600334
25.789867,-2.5655909,61.57223
25.787561,-2.572091,61.556927
25.786478,-2.5751429,61.54972
25.737,-2.9585657,61.001892
25.630108,-3.7619715,59.880684
25.603033,-4.1171412,59.430813
25.564543,-4.702743,59.037212
25.58707,-5.002572,58.19077
25.619537,-5.0025415,57.79209
25.619537,-5.0025415,57.79209
25.619537,-5.002511,57.79209
25.619537,-5.002511,57.79209
25.619537,-5.002511,57.79209
25.619537,-5.002511,57.79209
25.619537,-5.002511,57.79209
25.619537,-5.002511,57.79209
25.619537,-5.002511,57.79209
25.619537,-5.002511,57.79209
25.619537,-5.002511,57.79209
25.619537,-5.002511,57.79209
25.619537,-5.002511,57.79209
25.619537,-5.002511,57.79209
25.619537,-5.002511,57.79209
25.619537,-5.002511,57.79209
25.619537,-5.002511,57.79209
25.619537,-5.002511,57.79209
25.619537,-5.002511,57.79209
25.89969,-5.002511,58.118935
25.89969,-5.002511,58.118935
25.89969,-5.002511,58.118935
26.01407,-5.002511,59.848328
26.12607,-5.002511,61.541706
26.12607,-5.002511,61.541706
26.41717,-5.002511,62.02454
26.432926,-5.002511,62.050674
26.432926,-5.002511,62.050674
26.432926,-5.002511,62.050674
27.831873,-5.0100183,62.344746
27.832172,-5.006814,62.34478
28.270506,-5.004403,62.648357
28.302452,-5.00364,62.670483
28.302452,-5.00364,62.670483
30.031263,-5.0026636,62.794975
31.327883,-5.002572,62.888355
31.327883,-5.002572,62.888355
31.327883,-5.002511,62.888355
31.327883,-5.002511,62.888355
31.327883,-5.002511,62.888355
31.327883,-5.002511,62.888355
31.327883,-5.002511,62.888355
31.327883,-5.002511,62.888355
31.327883,-5.002511,62.888355
31.327883,-5.002511,62.888355
31.327883,-5.002511,62.888355
31.327883,-5.002511,62.888355
31.327883,-5.002511,62.888355
31.327883,-5.002511,62.888355
31.327883,-5.002511,62.888355
31.327883,-5.002511,62.888355
31.327883,-5.002511,62.888355
31.327883,-5.002511,62.888355
31.272728,-4.5965967,62.349888
31.157614,-3.7925503,61.306316
31.111998,-3.4736416,60.900253
31.085163,-3.2262356,60.598705
31.07619,-3.0499356,60.409515
30.920734,-2.6826565,60.050774
30.161222,-1.8745204,59.260635
29.294016,-1.1203395,58.557198
28.964628,-0.8458034,58.316315
28.680225,-0.6080104,58.12047
28.467129,-0.42362317,57.976032
28.326488,-0.2960597,57.873516
28.21041,-0.18799691,57.78418
28.122904,-0.09885506,57.705063
28.064344,-0.034554522,57.64543
27.577143,0.098502114,57.122326
26.66775,0.17531492,56.124382
25.553995,0.2197181,54.891422
24.336521,0.24529187,53.54717
23.956238,0.2510292,53.128925
23.666904,0.2550575,52.812668
23.462996,0.25755996,52.59267
23.306162,0.25933,52.425053
23.130936,0.26128313,52.237804
22.411243,0.26134422,52.067505
22.057379,0.26067284,52.034622
20.989565,0.25762114,52.044907
20.50463,0.25597325,52.071384
20.243114,0.25505772,52.087288
20.028015,0.25429478,52.10252
19.884377,0.25368446,52.114468
19.766815,0.25313514,52.128414
19.66826,0.25264692,52.144474
19.583664,0.25218916,52.162724
19.521303,0.25188398,52.178276
19.444744,0.25136524,52.197384
18.983862,0.2504803,52.585503
18.061436,0.2504498,53.430035
17.739614,0.25044987,53.728085
17.495714,0.25044987,53.955723
17.310804,0.25044987,54.130978
17.184977,0.25044993,54.25196
17.074049,0.25044993,54.35097
16.975788,0.25041947,54.423954
16.889612,0.2502974,54.476635
16.812172,0.25014484,54.51363
16.741138,0.24990071,54.53836
16.674873,0.24959554,54.553356
16.612228,0.2492904,54.56056
16.552402,0.24898523,54.561424
16.494835,0.24868011,54.557056
16.439135,0.24837494,54.5483
16.385044,0.24806976,54.535786
16.342516,0.2477951,54.524242
16.433136,0.27569017,54.349346
16.272486,0.2721723,54.291836
16.206488,0.27138135,54.291893
16.150566,0.27054,54.307747
16.148384,0.27053493,54.307175
16.1472,0.27052966,54.306873
16.146645,0.27052498,54.306736
16.146452,0.27052242,54.3067
16.146452,0.27052018,54.306713
16.146452,0.2705181,54.306725
16.146454,0.27051607,54.306732
16.146454,0.27051407,54.30674
16.146456,0.27051213,54.30675
16.188707,0.25192943,54.412468
16.18871,0.25192842,54.41248
16.18372,0.2516833,54.417103
16.16882,0.2508888,54.430874
16.146774,0.24978912,54.451202
16.119593,0.24847592,54.476246
16.088713,0.24701004,54.504673
16.05283,0.24536105,54.537693
16.018066,0.2438647,54.569675
15.981743,0.24242944,54.603107
15.952166,0.24126887,54.63033
15.912798,0.2397718,54.66658
15.968927,0.23850723,54.688206
15.96314,0.24003185,54.67346
15.986766,0.24055679,54.694027
15.463812,0.2090313,54.743996
15.169496,0.19090354,54.78056
14.937227,0.17729244,54.809963
14.767203,0.16832006,54.831856
14.626866,0.16227733,54.850166
14.515701,0.15821822,54.86478
14.055449,0.14350812,55.106922
13.834895,0.1368856,55.2534
13.642233,0.1318804,55.38475
13.492661,0.12922516,55.490337
13.374733,0.12904175,55.57801
13.292362,0.13004868,55.641647
13.182732,0.13142145,55.726357
13.117266,0.13198105,55.731915
13.097886,0.13289611,55.743977
13.068117,0.11015915,56.302555
13.045811,0.058461074,57.518726
13.023808,5.679235E-4,59.063694
13.010191,-0.039594512,60.743553
13.014111,-0.041365314,61.868153
13.020649,-0.03333966,62.34476
13.0281515,-0.02271996,62.70567
13.0383625,-0.007919301,62.956497
13.055786,0.014449718,63.147015
13.079162,0.044814292,63.293053
13.09808,0.07408028,63.375458
13.1138935,0.10240023,63.423058
13.127875,0.1308422,63.44726
13.138645,0.15583573,63.449482
13.146776,0.1775944,63.435863
13.152776,0.19633177,63.410835
13.157058,0.2124447,63.377575
13.159969,0.22623822,63.338387
13.161769,0.2379566,63.29493
13.162755,0.24863733,63.24511
13.16288,0.25660205,63.19728
13.162366,0.2634071,63.14403
13.1727,0.27354226,63.043926
13.139399,0.2800461,62.974983
13.098133,0.28521565,62.93781
13.037828,0.29000366,62.93253
12.994365,0.2948926,62.938164
12.962309,0.29346913,63.052654
12.941348,0.29902127,63.092056
12.954369,0.29857802,63.124332
12.972228,0.29837978,63.15494
12.972228,0.29838037,63.154945
12.972229,0.29838082,63.154953
12.972229,0.29838136,63.154957
12.97223,0.29838184,63.15496
12.97223,0.29838234,63.154964
12.97223,0.29838288,63.15497
13.068848,0.28051513,63.09457
13.068848,0.28051534,63.094574
13.073215,0.2796611,63.089436
13.086259,0.2771284,63.07408
13.105564,0.27337494,63.051388
13.129379,0.2688281,63.023422
13.156453,0.26376244,62.991676
13.183749,0.2588188,62.9597
13.215493,0.2532038,62.92255
13.245882,0.24807702,62.88702
13.280159,0.24249257,62.846962
13.314797,0.23721328,62.8065
13.347114,0.23266637,62.768764
13.373014,0.2291265,62.738533
13.40782,0.22442721,62.6979
13.450395,0.22242114,62.70331
13.483225,0.18116225,62.153778
13.549949,0.09278434,60.92619
13.639907,-0.006457937,59.38433
13.73406,-0.08629104,57.695755
13.788615,-0.110795975,56.44086
13.802123,-0.1102464,56.0214
13.810597,-0.10685863,55.704483
13.81525,-0.101273656,55.462578
13.822649,-0.09455953,55.277687
13.837255,-0.083511956,55.128513
13.860646,-0.066696405,54.9969
13.882705,-0.051193263,54.90584
14.466269,0.040726464,54.743073
14.8467245,0.09044001,54.707573
15.116948,0.12593228,54.689068
15.286918,0.14903444,54.68418
15.419924,0.16853544,54.688408
15.5343,0.1876398,54.703053
15.60612,0.20079309,54.717144
15.652917,0.20933828,54.726334
15.690398,0.22436151,54.748672
15.679711,0.23332782,54.739014
15.655712,0.23944132,54.694912
15.634994,0.24608387,54.6958
15.61394,0.25247294,54.656826
15.633475,0.25218955,54.60707
15.642813,0.25197732,54.591656
15.64308,0.2519769,54.591705
15.643254,0.25197655,54.591743
15.643271,0.25197628,54.591747
15.643271,0.25197592,54.59175
15.643271,0.25197566,54.591755
15.643272,0.25197476,54.59176
15.742747,0.23361088,54.647175
15.742747,0.23361072,54.64718
15.736571,0.23415989,54.649967
15.718136,0.23580773,54.65829
15.690897,0.23818794,54.670593
15.657341,0.24108696,54.685757
15.621962,0.24407758,54.70175
15.582875,0.24725124,54.71941
15.54732,0.2500893,54.735474
15.499995,0.2538732,54.756847
15.541537,0.25480092,54.725704
15.514264,0.2580964,54.707035
15.540569,0.25932354,54.70415
15.534187,0.26155105,54.683228
15.558233,0.26215744,54.700478
15.413818,0.25336823,54.70766
15.262477,0.24344997,54.726074
15.133296,0.23505758,54.742874
15.020785,0.228069,54.758476
14.933892,0.222942,54.771095
14.848807,0.21827266,54.784042
14.772547,0.21457997,54.796196
14.702618,0.21171127,54.807804
14.637236,0.20963602,54.819077
14.586681,0.20832366,54.827965
14.538102,0.20698084,54.840023
14.485759,0.2054549,54.859863
14.430821,0.20386794,54.885517
14.37604,0.20237248,54.914246
14.323898,0.20106016,54.943653
14.273699,0.19990045,54.973625
14.224941,0.19898486,55.00408
14.177254,0.1983744,55.034943
14.130363,0.19803867,55.066147
14.084071,0.19813016,55.097637
14.038224,0.19855736,55.129375
14.001782,0.19901507,55.154827
13.955124,0.19956428,55.1874
13.912154,0.2000805,55.17445
13.878194,0.17255327,55.715855
13.8163395,0.109076396,56.934788
13.735282,0.035101477,58.46466
13.647923,-0.031701814,60.137672
13.569054,-0.07421312,61.87695
13.543884,-0.08431454,62.484722
13.524155,-0.07271807,63.31991
13.520527,-0.056787994,63.72585
13.519388,-0.04430641,63.99162
13.522037,-0.029017206,64.19771
13.52605,-0.015070726,64.34036
13.531394,0.0035142705,64.53022
13.497526,0.010391432,64.599884
13.497658,0.017684978,64.65224
13.569611,0.030868467,64.72402
13.66251,0.04512007,64.79686
13.753053,0.058761325,64.86531
13.829352,0.07020531,64.920715
13.899867,0.080794856,64.97022
13.958819,0.08976692,65.01039
14.01945,0.099227265,65.05062
14.076354,0.10829093,65.08738
14.13063,0.117293514,65.12156
14.183065,0.12629615,65.153824
14.237934,0.13603115,65.1869
14.277344,0.14320268,65.210365
14.350466,0.15190008,65.23885
14.43293,0.15855287,65.26011
14.518536,0.16465628,65.279335
14.594727,0.16950852,65.29417
14.685845,0.17494054,65.309975
14.753617,0.17872462,65.32039
14.822362,0.18244766,65.33011
14.882348,0.18565196,65.3379
14.940799,0.18876465,65.34496
14.998157,0.19187738,65.35146
15.054732,0.19502065,65.35756
15.106559,0.19795023,65.36288
15.159136,0.20106296,65.36809
15.212273,0.20426726,65.37319
15.27018,0.20792927,65.378624
15.327166,0.21171339,65.38386
15.3834915,0.21568063,65.38895
15.428228,0.2189459,65.392944
15.472084,0.22527538,65.3743
15.454702,0.2301477,65.38345
15.431945,0.23451826,65.4086
15.407054,0.23936138,65.4409
15.383288,0.24520937,65.44146
15.393545,0.24468808,65.49411
15.408161,0.24435665,65.52707
15.428194,0.24404988,65.556725
15.419182,0.24383985,65.541435
15.419182,0.24384005,65.541435
15.419183,0.24384026,65.541435
15.419183,0.24384037,65.541435
15.419183,0.24384053,65.541435
15.419183,0.24384058,65.54144
15.419183,0.24384068,65.54144
15.419183,0.24384084,65.54144
15.419183,0.24384095,65.54144
15.519978,0.22836724,65.48759
15.519978,0.2283673,65.48759
15.525181,0.23141906,65.482864
15.540725,0.24051334,65.468765
15.563716,0.25397164,65.44794
15.592074,0.2705732,65.422264
15.624305,0.2895246,65.39313
15.661773,0.31171095,65.35926
15.700641,0.3349654,65.324135
15.737859,0.35757893,65.290504
15.776479,0.3813827,65.2556
15.816114,0.40619352,65.21976
15.853491,0.4301193,65.18595
15.895258,0.4574326,65.148125
15.928688,0.47958836,65.11783
16.431772,1.0277758,64.67017
16.676548,1.3192797,64.45495
16.852888,1.5673267,64.30049
16.933718,1.7145461,64.29531
16.945862,1.8315256,64.31073
16.925089,1.9354076,64.33485
16.899122,2.0082228,64.356285
16.973606,2.1249928,64.261986
17.008703,2.1498861,64.2338
17.008625,2.1518211,64.23389
17.008509,2.1535156,64.234
17.00856,2.1555805,64.23395
17.008657,2.1577413,64.23385
17.008842,2.1600897,64.233665
17.009033,2.162443,64.23347
17.00924,2.1648004,64.23326
17.0094,2.1670396,64.23309
17.009632,2.169405,64.232864
17.00983,2.1716828,64.23266
17.010105,2.1740863,64.23239
17.010315,2.1763418,64.23218
17.010612,2.1787522,64.23188
17.010986,2.1812878,64.23151
17.07809,2.199896,64.19076
17.080885,2.2065134,64.18794
17.08376,2.2131348,64.18508
17.062874,2.2182677,64.16565
17.093441,2.2464166,64.148346
17.129871,2.2973363,64.111916
17.297493,2.4370499,63.944275
17.900469,2.5886917,63.353218
18.90886,2.6875992,62.389015
20.11666,2.759163,61.250633
21.417435,2.814064,60.026665
22.739202,2.8548355,58.768936
24.090464,2.8815384,57.446545
25.139505,2.8856583,56.36254
25.506147,2.8826675,55.967464
25.777237,2.87809,55.666695
25.956642,2.8734818,55.46216
26.10393,2.8649673,55.290363
26.20412,2.8481827,55.16311
26.28479,2.821846,55.04502
26.335781,2.788826,54.94679
26.359537,2.7504654,54.868626
26.360935,2.711464,54.816925
26.346733,2.656746,54.769493
26.329082,2.6159744,54.74696
26.322998,2.5815506,54.734337
26.333675,2.542183,54.732933
26.355818,2.4995499,54.739635
26.383951,2.4576187,54.751507
26.419796,2.4101334,54.768597
26.459032,2.361702,54.78879
26.500498,2.3123856,54.81135
26.540533,2.265541,54.8342
26.582098,2.2169266,54.858997
26.660639,2.124855,54.90703
26.195488,1.5212173,55.141247
25.93996,1.200325,55.257095
25.773996,0.9516678,55.331318
25.67277,0.7589493,55.375744
25.618301,0.6104202,55.39879
25.597595,0.49677277,55.406506
25.601267,0.41046906,55.40321
25.62254,0.34549713,55.39202
25.65652,0.2971878,55.375175
25.69968,0.26169586,55.354282
25.749466,0.23615265,55.33048
25.801928,0.2181778,55.30558
25.853651,0.20590973,55.28116
25.904846,0.19812775,55.25709
25.955658,0.19364166,55.233288
26.006197,0.19168854,55.209682
26.05654,0.19174957,55.186222
26.106743,0.19330597,55.162876
26.156845,0.19605255,55.139626
26.206877,0.19971466,55.116436
26.253132,0.2037735,55.095024
26.304161,0.20874786,55.07142
26.354862,0.21411896,55.04799
26.405327,0.21979523,55.024685
26.44554,0.2244339,55.006123
26.387117,0.25547403,55.169876
26.489538,0.2633794,55.211292
26.638979,0.26105398,55.16591
26.73004,0.25915173,55.052395
26.743223,0.25874734,54.998947
26.770863,0.2650047,54.962086
26.764357,0.26448932,54.92702
26.752102,0.26406863,54.893692
26.752102,0.2640687,54.893692
26.752102,0.2640687,54.893692
26.752102,0.2640687,54.893692
26.752102,0.2640687,54.893692
26.752102,0.2640687,54.893692
26.752102,0.2640687,54.893692
26.752102,0.2640687,54.893692
26.648548,0.24312234,54.939938
26.54334,0.23708434,54.986805
26.54334,0.23708434,54.986805
26.54334,0.2370844,54.986805
26.54334,0.23708434,54.986805
26.54334,0.23708434,54.986805
26.682701,0.23864074,55.10451
26.813381,0.24010558,55.215282
26.923101,0.24132629,55.30833
27.023172,0.2423944,55.39315
27.111065,0.24337097,55.467537
27.179167,0.24404235,55.52501
27.235102,0.2446527,55.572037
27.287142,0.24526305,55.615612
27.32728,0.24562927,55.649136
27.362328,0.24599548,55.68253
27.393261,0.24642272,55.72086
27.420946,0.24688049,55.762867
27.446049,0.24736877,55.80761
27.469091,0.24788757,55.8544
27.490484,0.24840637,55.90272
27.510538,0.24892516,55.95219
27.526022,0.24923034,55.99213
27.543644,0.24953552,56.03197
27.5663,0.24981017,56.07445
27.595947,0.25011536,56.125313
27.625353,0.25039002,56.17305
27.657738,0.2506952,56.223957
27.689913,0.25100037,56.273144
27.72198,0.251214,56.32106
27.754005,0.251214,56.36805
27.786034,0.251214,56.414337
27.818092,0.251214,56.4601
27.8502,0.251214,56.505463
27.882372,0.251214,56.55052
27.905605,0.251214,56.582924
27.92901,0.251214,56.619465
27.95004,0.251214,56.660603
27.969189,0.25133607,56.705097
27.986841,0.2515497,56.752045
28.004517,0.25188538,56.80425
28.020767,0.25222108,56.856785
28.034891,0.25252625,56.906067
28.050493,0.2525873,56.963654
28.06067,0.2525873,57.002533
28.073849,0.2525873,57.04162
28.094604,0.2525873,57.087025
28.119667,0.2525873,57.134968
28.1463,0.2525873,57.18223
28.17413,0.2525873,57.228954
28.202879,0.2525873,57.275253
28.232336,0.2525873,57.321205
28.262344,0.2525873,57.366875
28.292786,0.2525873,57.412315
28.321285,0.2525873,57.454197
28.353008,0.2525873,57.500275
28.38477,0.25246522,57.54595
28.410154,0.25240418,57.582275
28.494585,0.25808045,58.201427
28.610104,0.2704706,59.49594
28.713581,0.28060243,60.837658
28.747997,0.28347108,61.32886
28.7715,0.28502747,61.700943
28.785757,0.28566834,61.95254
28.804735,0.28652287,62.287422
28.387133,0.2876215,62.87105
28.14107,0.2880182,63.11804
27.78036,0.28725526,63.427902
27.518023,0.28594303,63.625813
27.375,0.28508854,63.731018
27.257557,0.2839594,63.810936
27.158197,0.28249454,63.8715
27.078411,0.28075504,63.91305
27.0121,0.27904606,63.944355
26.867388,0.27550602,64.19549
26.789825,0.27367496,64.393074
26.73044,0.2721796,64.55579
26.685335,0.27092838,64.691086
26.651688,0.26976871,64.803665
26.627003,0.26860905,64.89995
26.609505,0.26735783,64.984505
26.597939,0.26598454,65.0606
26.591433,0.26442814,65.13053
26.589422,0.2626276,65.19591
26.786364,0.2843938,65.20221
26.828241,0.28964567,65.29181
26.821291,0.2872245,65.40464
26.792643,0.28596306,65.479904
26.79267,0.28596306,65.48433
26.792679,0.28596306,65.485344
26.79268,0.28596306,65.486
26.79268,0.28596306,65.48644
26.79268,0.28596306,65.48681
26.79268,0.28596306,65.487076
26.79268,0.28596306,65.48726
26.695675,0.26417533,65.42891
26.597017,0.2572521,65.36959
26.597017,0.2572521,65.36959
26.597017,0.2572521,65.36959
26.597017,0.25725216,65.36959
26.98269,0.2585644,64.98833
27.84631,0.2613415,64.11671
28.292135,0.26240963,63.663403
28.5556,0.26277584,63.39718
28.758736,0.26292843,63.193554
28.89776,0.26292843,63.055145
29.186169,0.2660107,62.233063
29.355791,0.2727551,60.83835
29.437914,0.27910274,59.175407
29.449398,0.28072017,58.473
29.447845,0.2810864,58.04419
29.44099,0.28084224,57.718384
29.427692,0.27980465,57.471897
29.4053,0.27775997,57.287857
29.374458,0.2746777,57.157402
29.340126,0.27098507,57.07261
29.30664,0.2672009,57.02407
29.27605,0.2635693,57.00302
29.249043,0.26018184,57.00241
29.225662,0.25709957,57.01686
29.20567,0.2543835,57.042343
29.188742,0.25200313,57.07589
29.17456,0.24992794,57.11532
29.16285,0.2481274,57.15904
29.216166,0.271777,57.448696
29.301306,0.26796427,57.40077
29.32556,0.264511,57.27972
29.30974,0.2637966,57.23491
29.334602,0.27040496,57.22541
29.33428,0.27040496,57.22682
29.334206,0.27040496,57.22715
29.334158,0.27040496,57.227364
29.334133,0.27040496,57.227474
29.334133,0.27040496,57.227474
29.334133,0.27040496,57.227474
29.334133,0.27040496,57.227474
29.323008,0.27156648,57.1934
29.233305,0.25432587,57.237263
29.13685,0.2504703,57.2847
29.139406,0.25120273,57.28346
29.141731,0.25178257,57.282326
29.175814,0.25201264,57.29542
29.178183,0.25756684,57.818455
29.145943,0.26904145,59.037712
29.088947,0.2810959,60.594707
29.048517,0.2866806,61.793438
29.035688,0.28774872,62.269
29.028358,0.28799286,62.629143
29.027338,0.28695527,62.902325
29.029907,0.28536835,63.088314
29.031801,0.2842087,63.22539
29.033197,0.2833542,63.326424
29.036087,0.28207245,63.401546
29.041893,0.2798752,63.44061
29.049309,0.27718964,63.45361
29.057583,0.27425995,63.44783
29.066273,0.27126923,63.42851
29.075106,0.2682785,63.399433
29.083921,0.2653183,63.363316
29.09196,0.26266328,63.32506
29.100672,0.25985566,63.279366
29.108482,0.25735322,63.23479
29.116846,0.2546982,63.183937
29.124268,0.2524704,63.13595
29.319279,0.27743673,62.919292
29.344952,0.27256826,63.01536
29.314812,0.27042365,63.080894
29.315979,0.2701795,63.07314
29.316195,0.2701795,63.071697
29.316355,0.2701795,63.070633
29.316462,0.2701795,63.069923
29.316544,0.2701795,63.06938
29.316605,0.2701795,63.06897
29.31665,0.2701795,63.068657
29.220003,0.25051245,63.008507
29.12189,0.24580331,62.948048
29.12189,0.24580331,62.948048
29.11503,0.24101205,62.947437
29.094555,0.22660775,62.945602
29.064295,0.20536752,62.942867
29.027004,0.17909189,62.93949
28.984663,0.14900155,62.935658
28.938684,0.11598153,62.931515
28.900637,0.08845467,62.92809
28.278498,-0.50413567,62.86656
28.088255,-1.1854342,62.83377
28.209412,-1.461191,62.839653
28.31438,-1.676279,62.84649
28.40473,-1.8445224,62.854008
28.48448,-1.9790133,62.86252
28.556456,-2.0889986,62.872425
28.60575,-2.160257,62.880257
28.647356,-2.2204072,62.88687
28.67802,-2.2646883,62.891747
28.817133,-2.3109312,63.102283
28.831451,-2.2619576,63.327908
28.79183,-2.2140722,63.43151
28.796404,-2.2031043,63.45548
28.79774,-2.2050269,63.45569
28.798613,-2.206278,63.45583
28.799194,-2.207102,63.45592
28.799587,-2.207682,63.455982
28.799936,-2.2081702,63.456043
28.800203,-2.208567,63.45608
28.764936,-2.2059631,63.460236
28.766493,-2.3480592,63.16193
28.767498,-2.3656504,63.054825
28.76864,-2.3703034,62.943165
28.768665,-2.369571,62.94416
28.772657,-2.3678315,62.939453
28.784527,-2.3639557,62.923553
28.800879,-2.3588898,62.901173
28.822752,-2.352298,62.870975
28.845648,-2.3454926,62.83918
28.872814,-2.3375275,62.80134
28.895164,-2.3309968,62.770153
28.92491,-2.3222992,62.72865
28.93734,-2.3186066,62.711304
29.483337,-2.3014557,62.593372
29.780294,-2.2936127,62.534084
29.99272,-2.2879364,62.492268
30.179781,-2.28284,62.45624
30.29746,-2.279544,62.43401
30.759415,-2.271457,62.197403
30.998543,-2.2683747,62.040833
31.184206,-2.2660248,61.915234
31.328463,-2.2641633,61.81365
31.442263,-2.2626069,61.728756
31.521755,-2.2614472,61.666897
31.689224,-2.2568085,61.01083
31.772446,-2.2503388,59.74423
31.778856,-2.2450593,58.525234
31.770067,-2.2432892,58.06664
31.760815,-2.2421296,57.718937
31.749893,-2.2414582,57.454567
31.73797,-2.2411225,57.240982
31.731705,-2.2409089,57.128727
31.726414,-2.2409089,57.03399
31.720839,-2.2410614,56.964104
31.714142,-2.2415497,56.92912
31.707653,-2.242221,56.92068
31.700563,-2.2431977,56.92849
31.694288,-2.2441437,56.94821
31.688225,-2.2451203,56.97688
31.681952,-2.246219,57.01486
31.676147,-2.247287,57.057472
31.670794,-2.248294,57.10342
31.665863,-2.2492707,57.15177
31.662111,-2.2500641,57.191265
31.595026,-2.2217739,57.471478
31.748314,-2.2263067,57.477776
31.840065,-2.2292817,57.386753
31.846176,-2.2313914,57.253357
31.832266,-2.231766,57.22298
31.837086,-2.2254586,57.179203
31.854725,-2.2255971,57.210464
31.854721,-2.2255971,57.2105
31.854721,-2.2255971,57.2105
31.854721,-2.2255971,57.2105
31.854721,-2.2255971,57.2105
31.854721,-2.2255971,57.2105
31.854721,-2.2255971,57.2105
31.854721,-2.2255971,57.2105
31.854721,-2.2255971,57.2105
31.751892,-2.2461147,57.25852
31.647545,-2.2517169,57.307304
31.647545,-2.2517169,57.307304
31.647545,-2.251717,57.307304
31.6409,-2.2499776,57.849255
31.613106,-2.2460408,59.074596
31.56909,-2.2417073,60.615494
31.540268,-2.2396321,61.82422
31.532404,-2.2391744,62.302048
31.528912,-2.2391133,62.663727
31.531118,-2.2396626,62.937798
31.536173,-2.240395,63.12417
31.5399,-2.2409444,63.261528
31.542646,-2.2413106,63.362774
31.546354,-2.24186,63.437992
31.552841,-2.242684,63.479214
31.559563,-2.24363,63.491394
31.566866,-2.2446675,63.48492
31.57442,-2.2457051,63.465023
31.582035,-2.2467122,63.435467
31.589592,-2.2476888,63.39895
31.597025,-2.2486043,63.357426
31.604296,-2.2495198,63.312298
31.611382,-2.2504048,63.264572
31.61827,-2.2512288,63.21497
31.624952,-2.2518697,63.16402
31.630192,-2.252419,63.12283
31.843859,-2.2278857,62.965153
31.883467,-2.2230968,62.98874
31.879555,-2.224458,63.062008
31.86063,-2.2252908,63.104687
31.842897,-2.2254214,63.132748
31.842999,-2.2254214,63.131954
31.843065,-2.2254214,63.13143
31.843107,-2.2254214,63.13109
31.84315,-2.2254214,63.13077
31.843176,-2.2254214,63.130566
31.843187,-2.2254214,63.130474
31.746315,-2.2469614,63.071724
31.647976,-2.2536035,63.01183
31.647976,-2.2536035,63.01183
31.647976,-2.2536032,63.01183
31.63721,-2.63077,62.473133
31.603363,-3.493807,61.256218
31.599545,-3.8584132,60.774437
31.585152,-4.5416102,60.321587
31.586159,-5.004678,59.49825
31.614216,-5.004281,57.498512
31.642485,-5.010232,55.5025
31.646564,-5.006692,55.202698
31.646564,-5.006692,55.202698
31.646564,-5.0033045,55.20271
31.646564,-5.002755,55.20271
31.646564,-5.0026026,55.20271
31.646564,-5.0025415,55.20271
31.646564,-5.002511,55.20271
31.646564,-5.002511,55.20271
31.646564,-5.002511,55.20271
31.646564,-5.002511,55.20271
31.646564,-5.002511,55.20271
31.646564,-5.002511,55.20271
31.646564,-5.002511,55.20271
31.646564,-5.002511,55.20271
31.646564,-5.002511,55.20271
31.647245,-5.002511,56.92816
31.648027,-5.002511,58.92829
31.64879,-5.002511,60.9282
31.649572,-5.002511,62.92804
31.650389,-5.002511,64.9128
31.650404,-5.002511,64.968346
31.65042,-5.002511,65.02387
31.65042,-5.002511,65.02387
31.65042,-5.002511,65.02387
31.65042,-5.002511,65.02387
31.65042,-5.002511,65.02387
31.65042,-5.002511,65.02387
31.65042,-5.002511,65.02387
31.65042,-5.002511,65.02387
31.65042,-5.002511,65.02387
31.65042,-5.002511,65.02387
31.65042,-5.002511,65.02387
31.65042,-5.002511,65.02387
31.65042,-5.002511,65.02387
31.65042,-5.002511,65.02387
31.65042,-5.002511,65.02387
31.65042,-5.002511,65.02387
31.324305,-5.002511,64.63565
31.141832,-4.996133,64.42024
31.024082,-4.9766626,64.27022
30.950384,-4.9474573,64.1616
30.903387,-4.909524,64.08955
30.883,-4.871011,64.05593
30.877645,-4.8305445,64.0441
30.88302,-4.7891626,64.04795
30.895283,-4.750558,64.06229
30.913994,-4.7080164,64.08583
30.936537,-4.6658716,64.11518
30.96355,-4.621133,64.151024
30.98425,-4.588662,64.178734
31.0118,-4.5454493,64.215614
31.045162,-4.1080713,63.701653
31.066792,-3.170907,62.488503
31.073608,-1.9616786,60.9513
31.079948,-1.423196,60.291706
31.092205,-1.0826808,59.903923
31.106335,-0.819955,59.641613
31.117403,-0.6199733,59.468548
31.125875,-0.4683009,59.3618
31.136333,-0.28238788,59.254223
31.141825,-0.1846706,59.197727
31.144705,-0.13337055,59.16806
31.145771,-0.114388615,59.157097
31.146421,-0.10453144,59.159863
31.14696,-0.09980121,59.182396
31.14735,-0.09906879,59.21681
31.14768,-0.10096088,59.264503
31.147917,-0.10495868,59.319378
31.143614,-0.10611835,59.371166
31.13025,-0.10074726,59.42434
31.109957,-0.09009662,59.47375
31.08433,-0.07541767,59.520103
31.054579,-0.057534363,59.563946
31.021614,-0.037240174,59.6057
30.986134,-0.014962343,59.6457
30.948654,0.008963439,59.684196
30.91794,0.02873883,59.714325
30.878618,0.054007385,59.752903
30.85904,0.06664166,59.77211
30.421824,0.10961041,59.44576
29.46378,0.18050274,58.679966
29.125338,0.2038792,58.40755
28.868656,0.22176251,58.19914
28.711859,0.2326878,58.07081
28.472862,0.24928936,57.87521
28.34736,0.25801745,57.772495
28.304161,0.2610692,57.737133
28.314154,0.26247302,57.14778
28.344633,0.26161852,56.802307
28.364,0.26100817,56.594826
28.382341,0.26039782,56.425392
28.398092,0.25978747,56.29274
28.41119,0.2593297,56.191418
28.4249,0.25874987,56.10388
28.439331,0.258109,56.026325
28.4556,0.25737658,55.950768
28.471283,0.25664416,55.887283
28.486633,0.25594226,55.831818
28.500555,0.25527087,55.783943
28.17311,0.25350085,55.273037
27.385689,0.25173083,54.270245
26.387197,0.25002185,53.05341
26.018427,0.24938098,52.612423
25.756664,0.2490758,52.30493
25.553915,0.24877062,52.07249
25.401588,0.24846545,51.901287
25.22234,0.24825177,51.699833
24.544903,0.24825177,51.555733
23.258207,0.24825177,51.500916
21.694262,0.24825177,51.49577
20.005589,0.24825177,51.527832
18.263208,0.24825177,51.599632
17.218397,0.24825177,51.66768
16.734724,0.24825177,51.70679
16.311426,0.24825177,51.74477
16.102703,0.24825177,51.765545
15.926532,0.24825177,51.783077
15.8092375,0.24825177,51.794746
15.719808,0.24825177,51.803646
15.64364,0.24825177,51.81344
15.603988,0.24825177,51.823677
15.590699,0.24825177,51.833656
15.596412,0.24825177,51.84309
15.61473,0.24825177,51.851204
15.642348,0.24825177,51.858894
15.67689,0.24825177,51.866165
15.716586,0.24825177,51.873013
15.760123,0.24825177,51.879448
15.806518,0.24825177,51.885487
15.858926,0.24825177,51.89162
15.911939,0.24825177,51.897198
16.223806,0.27642617,51.89798
16.20126,0.27303413,51.77635
16.109406,0.27035445,51.721966
16.046581,0.26967213,51.72057
16.015648,0.26929766,51.729652
15.984254,0.26918626,51.74361
15.984672,0.26918626,51.74365
15.984944,0.26918626,51.743683
15.985126,0.26918626,51.743713
15.985217,0.26918626,51.743717
15.985217,0.26918626,51.743717
15.985217,0.26918626,51.743717
16.032894,0.25168625,51.847267
16.032894,0.25168625,51.847267
16.029076,0.2514421,51.852886
16.017673,0.2505876,51.869648
16.00081,0.24936691,51.894405
15.98002,0.24784103,51.924904
15.958091,0.24628463,51.957058
15.931958,0.24451461,51.99536
15.90451,0.2427446,52.03559
15.882108,0.24134079,52.068424
15.853429,0.2395707,52.110455
15.913203,0.23818853,52.13188
15.909043,0.23925665,52.120262
15.934252,0.23976947,52.139854
15.413996,0.21022846,52.208076
15.14559,0.19478656,52.250362
14.927174,0.18285419,52.285263
14.732374,0.17318012,52.31676
14.589872,0.1674123,52.340046
14.488039,0.16396381,52.35677
14.022581,0.15129901,52.61101
13.782736,0.1453786,52.775776
13.596556,0.14162494,52.907417
13.463865,0.14012958,53.004925
13.346373,0.14061786,53.09573
13.2644615,0.14211322,53.161552
13.155439,0.14409682,53.249153
13.091655,0.14460471,53.2549
13.045627,0.123669654,53.8237
13.011474,0.07352927,55.056965
12.979302,0.014111551,56.577335
12.948857,-0.044146504,58.269028
12.92666,-0.08964822,59.99581
12.920976,-0.10170266,60.52796
12.920184,-0.11403176,61.96195
12.943072,-0.090685815,63.576927
12.962396,-0.06657693,64.32663
12.977916,-0.046404805,64.75652
12.99146,-0.028490987,65.05641
13.006135,-0.00892922,65.292564
13.026723,0.016736064,65.49601
13.053668,0.047619853,65.644005
13.079871,0.078930885,65.73098
13.105168,0.11311057,65.78796
13.124003,0.14213279,65.81121
13.1405115,0.17075828,65.81559
13.152982,0.195447,65.803505
13.161258,0.21467307,65.78101
13.16713,0.2310305,65.75029
13.170934,0.24482444,65.71344
13.1731825,0.2570925,65.668816
13.174041,0.26478294,65.635345
13.185521,0.2784682,65.55753
13.151837,0.28696135,65.49969
13.110349,0.2931601,65.46958
13.065784,0.29836076,65.460556
13.01181,0.30306825,65.48341
12.96952,0.30807889,65.52427
12.966955,0.30757648,65.593575
12.975923,0.30719185,65.6274
13.001315,0.30656594,65.67402
13.001315,0.30656594,65.67402
13.001315,0.30656594,65.67402
13.001315,0.30656594,65.67402
13.001315,0.30656594,65.67402
13.001315,0.30656594,65.67402
13.001315,0.30656594,65.67402
13.092715,0.29011127,65.60562
13.092715,0.29011127,65.60562
13.096936,0.2892873,65.60035
13.109551,0.2868459,65.584595
13.131656,0.28260395,65.55703
13.15792,0.27762958,65.524315
13.183776,0.2728078,65.49215
13.212171,0.26765034,65.45686
13.242341,0.26230976,65.41941
13.271686,0.2573659,65.382996
13.3024435,0.2523305,65.34487
13.334224,0.24744768,65.305504
13.37131,0.24207659,65.25958
13.398673,0.23829241,65.22571
13.432061,0.23365374,65.18438
13.467518,0.23216969,65.197075
13.469034,0.231834,65.195366
13.484274,0.19774586,64.652985
13.52529,0.12288624,63.433617
13.586542,0.033805434,61.90324
13.657604,-0.05335277,60.22965
13.727922,-0.12680858,58.48983
13.786564,-0.17414135,56.739525
13.804104,-0.18573803,56.15779
13.821791,-0.17090648,54.757652
13.823656,-0.1558308,54.215214
13.823778,-0.1450581,53.894245
13.821285,-0.13196605,53.642487
13.816347,-0.11640209,53.443096
13.80913,-0.09845775,53.284657
13.79903,-0.077156484,53.155937
13.790421,-0.060310777,53.07303
13.859119,-0.020637926,52.850258
13.942181,0.006797376,52.684864
14.010109,0.027457777,52.560677
14.077539,0.046866957,52.44658
14.137165,0.06325489,52.353516
14.187405,0.07662159,52.282238
14.235708,0.089316905,52.219967
14.282885,0.10167652,52.16479
14.319778,0.11138111,52.12382
14.371653,0.1250835,52.066216
14.369169,0.13044694,52.01587
14.924076,0.111465,51.981964
16.1428,0.05305436,51.934612
17.694965,-0.020889733,51.872055
19.366163,-0.0921788,51.804226
21.117954,-0.15126082,51.73961
22.907877,-0.186295,51.69029
24.714918,-0.1791844,51.67297
25.644747,-0.15080306,51.683147
26.153605,-0.12416122,51.69732
26.498802,-0.09983871,51.71174
26.713263,-0.07753036,51.727467
26.916348,-0.043320153,51.755917
27.054174,-0.0058750855,51.787224
27.139683,0.031325843,51.815292
27.186565,0.06605484,51.838833
27.205357,0.09742691,51.858017
27.20337,0.123122714,51.872147
27.188046,0.14631608,51.8837
27.16104,0.16899064,51.89391
27.12879,0.1871486,51.9012
27.090872,0.20332292,51.90698
27.04872,0.2176967,51.911476
26.999817,0.23149064,51.915207
26.953085,0.24226335,51.917587
26.904327,0.2515407,51.919163
26.86097,0.25895646,51.920193
26.776545,0.2711224,51.93187
26.71504,0.27884907,51.898376
26.680695,0.28498217,51.856346
26.679832,0.2901155,51.796688
26.701893,0.29545388,51.74272
26.803064,0.2938768,51.726868
26.843973,0.29970953,51.706066
26.87616,0.2993379,51.719765
26.87616,0.2993379,51.719765
26.906118,0.29904848,51.738823
26.87523,0.29893848,51.721306
26.87523,0.29893848,51.721306
26.87523,0.29893848,51.721306
26.87523,0.29893848,51.721306
26.87523,0.29893848,51.721306
26.87523,0.29893848,51.721306
26.87523,0.29893848,51.721306
26.820189,0.28097928,51.821064
26.820189,0.28097928,51.821064
26.823528,0.28024685,51.826946
26.833504,0.27801907,51.84451
26.847282,0.27499783,51.868744
26.866991,0.27072537,51.903385
26.88602,0.266636,51.936832
26.907095,0.26230252,51.97388
26.92968,0.25778592,52.01361
26.948015,0.2541238,52.045883
26.979881,0.2478677,52.10197
26.935,0.24601716,52.117516
26.940363,0.24601716,52.111443
26.913847,0.24584796,52.1313
26.919085,0.24578692,52.125633
26.940098,0.24465777,52.1264
26.976334,0.2424605,52.131516
27.022366,0.23956133,52.139957
27.075441,0.23623492,52.15086
27.129389,0.23293902,52.16269
27.192396,0.22918536,52.17704
27.255432,0.22552325,52.19176
27.31564,0.22219683,52.20607
27.373825,0.21920611,52.22008
27.430557,0.21652056,52.233894
27.48625,0.21414019,52.24757
27.537088,0.2122481,52.26014
27.656317,0.20828082,52.289738
27.690205,0.20763995,52.298176
27.719267,0.20736529,52.305428
28.21587,0.17657305,52.66459
28.469433,0.15975787,52.85991
28.666422,0.14755084,53.012493
28.807482,0.14031817,53.12246
28.917686,0.13552691,53.20872
29.047005,0.1298507,53.309944
29.176336,0.101988144,53.94514
29.260523,0.049467396,55.21148
29.319021,0.0050696386,56.734474
29.360466,-0.001118441,58.38174
29.371592,-0.0011117131,58.921227
29.406359,-8.2343526E-4,59.24178
29.398367,-0.001106602,60.318535
29.378136,-0.0010870964,61.752018
29.344833,-0.0010719196,63.38173
29.314531,0.004665385,64.357124
29.297377,0.0109214885,64.77359
29.280458,0.019313823,65.129486
29.26472,0.03057481,65.37737
29.25139,0.041591655,65.5493
29.241226,0.050045025,65.68039
29.233477,0.056484234,65.780334
29.225607,0.0654564,65.85857
29.216675,0.079982765,65.908066
29.208828,0.095607765,65.92645
29.201427,0.11242295,65.92646
29.194555,0.12960435,65.912735
29.18822,0.14681627,65.88876
29.181908,0.16500475,65.85484
29.176704,0.18078233,65.818146
29.171513,0.19717027,65.77383
29.167223,0.21117784,65.73024
29.163265,0.2243004,65.683945
29.159956,0.23531725,65.64247
29.145172,0.25269854,65.5606
29.177088,0.26335028,65.50267
29.217588,0.27088153,65.47115
29.2768,0.2770275,65.47058
29.330557,0.2828649,65.49294
29.34873,0.28125602,65.59403
29.369476,0.28712025,65.634995
29.338675,0.28618976,65.698135
29.338675,0.28618976,65.698135
29.338675,0.28618976,65.698135
29.338675,0.28618976,65.698135
29.338675,0.28618976,65.698135
29.338675,0.28618976,65.698135
29.338675,0.28618976,65.698135
29.338675,0.28618976,65.698135
29.24301,0.2675576,65.636475
29.24301,0.2675576,65.636475
29.238747,0.26679465,65.63123
29.226725,0.2646279,65.61648
29.208918,0.26142356,65.59466
29.185135,0.25724265,65.56556
29.158314,0.25260398,65.532776
29.131401,0.2481179,65.49992
29.10247,0.24338767,65.464645
29.069605,0.2382302,65.42461
29.038685,0.23362204,65.38697
29.006748,0.22916648,65.34812
28.974047,0.22495505,65.308365
28.940765,0.22107932,65.26792
28.91148,0.21781394,65.232346
28.800587,0.18552634,64.62915
28.733435,0.1602883,64.0745
28.699709,0.14817283,63.761032
28.676569,0.14078757,63.537514
28.658743,0.1364846,63.357365
28.643785,0.13514182,63.19624
28.63288,0.13785788,63.064934
28.626476,0.14176413,62.980038
28.621595,0.14472434,62.915306
28.617474,0.14719626,62.86068
28.68488,0.20030096,62.99503
28.577877,0.3026707,63.18962
28.48651,0.31832552,63.19645
28.44765,0.3359798,63.20715
28.482632,0.3356179,63.207233
28.48245,0.3356179,63.204815
28.482409,0.3356179,63.20426
28.482374,0.3356179,63.203804
28.482359,0.3356179,63.203587
28.482344,0.3356179,63.20342
28.482342,0.3356179,63.203384
28.482342,0.3356179,63.203384
28.510946,0.18160188,62.897068
28.521463,0.1582556,62.784622
28.532179,0.14971645,62.670116
28.532179,0.14971645,62.670116
28.53845,0.1506625,62.66749
28.558207,0.1536227,62.65921
28.585592,0.15774257,62.647755
28.619501,0.16283901,62.6336
28.658096,0.16866787,62.617504
28.700062,0.17495449,62.600037
28.734808,0.18020351,62.585575
28.781055,0.18716152,62.566334
28.800383,0.19006073,62.558285
29.360504,0.20763886,62.501053
29.63768,0.21532929,62.474045
29.882849,0.22210419,62.45048
30.06138,0.22704804,62.433784
30.208033,0.23107636,62.420635
30.312677,0.23400605,62.411545
30.97529,-0.033175346,62.05095
31.24155,-0.17077911,61.87197
31.451591,-0.28372467,61.72656
31.63131,-0.38632476,61.596516
31.753304,-0.45975006,61.504635
31.889603,-0.5417813,61.401978
31.945198,-1.0346707,60.76497
31.928135,-1.2793912,60.44854
31.909246,-1.4570035,60.222454
31.886158,-1.603732,60.040833
31.858011,-1.7257718,59.89762
31.823603,-1.8296231,59.78869
31.763643,-1.9867886,59.46628
31.713392,-2.1654994,58.4171
31.713749,-2.2812526,56.931828
31.727354,-2.321078,56.015984
31.734137,-2.335055,55.559864
31.737549,-2.342837,55.242283
31.737652,-2.3461025,54.99249
31.736107,-2.3466213,54.81904
31.734804,-2.34714,54.67264
31.733936,-2.3473842,54.57516
31.733274,-2.3476284,54.50084
31.731394,-2.346316,54.438683
31.727335,-2.3420131,54.409126
31.722382,-2.336398,54.40416
31.716673,-2.3297756,54.414406
31.710024,-2.321963,54.43735
31.703249,-2.3139064,54.469116
31.696976,-2.3064907,54.50457
31.690119,-2.298434,54.548046
31.68393,-2.2911403,54.591217
31.677776,-2.2838771,54.637325
31.671215,-2.2762477,54.68948
31.70029,-2.2340095,54.994034
31.81078,-2.232619,54.955166
31.853458,-2.2331738,54.841488
31.845562,-2.2329197,54.796886
31.824575,-2.2330816,54.751495
31.848722,-2.2263372,54.738808
31.848637,-2.226337,54.739517
31.848602,-2.2263372,54.739815
31.848602,-2.2263372,54.739815
31.848602,-2.2263372,54.739815
31.848602,-2.2263372,54.739815
31.848602,-2.2263372,54.739815
31.848602,-2.2263372,54.739815
31.848602,-2.2263372,54.739815
31.746212,-2.247589,54.78845
31.642252,-2.2539377,54.837982
31.642252,-2.2539377,54.837982
31.642252,-2.2539377,54.837982
31.635597,-2.255372,55.380096
31.607092,-2.2585764,56.60614
31.558716,-2.262147,58.148453
31.502333,-2.2655954,59.836815
31.452702,-2.2681894,61.57186
31.426397,-2.2695017,63.353806
31.430721,-2.2694712,64.33983
31.440077,-2.2690744,64.77454
31.451939,-2.2686167,65.1447
31.467545,-2.2677927,65.42377
31.482742,-2.2669687,65.61255
31.493942,-2.2664194,65.7517
31.502197,-2.2659616,65.854256
31.510921,-2.2654428,65.93069
31.52073,-2.2647715,65.96686
31.53136,-2.263856,65.98004
31.543152,-2.2628489,65.97631
31.554646,-2.2618418,65.958496
31.566507,-2.2607737,65.92878
31.576817,-2.2598276,65.89398
31.586678,-2.2588816,65.85376
31.596088,-2.257966,65.8096
31.604378,-2.257142,65.76604
31.613134,-2.256257,65.715996
31.621435,-2.2554026,65.66476
31.627865,-2.2547617,65.6234
31.83581,-2.2263074,65.447174
31.857609,-2.22902,65.55713
31.824999,-2.230398,65.6257
31.825941,-2.230398,65.619644
31.826122,-2.230398,65.618484
31.82623,-2.230398,65.6178
31.82631,-2.230398,65.61727
31.826372,-2.230398,65.616875
31.826424,-2.230398,65.61654
31.826458,-2.230398,65.61632
31.730434,-2.249054,65.55504
31.730434,-2.249054,65.55504
31.730434,-2.249054,65.55504
31.689358,-2.2491033,65.58996
31.67974,-1.9255254,65.04626
31.614994,-1.1850774,63.768055
31.58631,-0.8868597,63.26172
31.568789,-0.66798764,62.900566
31.56442,-0.49303037,62.629124
31.572191,-0.26866513,62.124508
31.570045,-0.07936459,60.92379
31.553293,-0.003742029,59.39354
31.544706,0.018535804,58.501907
31.54312,0.030254554,58.06299
31.543823,0.040691566,57.756798
31.54751,0.053844642,57.49352
31.552177,0.06577701,57.31339
31.555618,0.07459659,57.180622
31.560452,0.085521884,57.088417
31.5687,0.10313053,57.02683
31.577976,0.12308902,56.997025
31.587341,0.14359684,56.990314
31.595686,0.16205998,57.00005
31.604416,0.18146916,57.02229
31.612524,0.19947453,57.053288
31.620012,0.21595402,57.090645
31.626902,0.2308466,57.13262
31.632736,0.24293156,57.174698
31.687908,0.26333818,57.241844
31.733612,0.27590758,57.260185
31.769102,0.28467146,57.249653
31.797726,0.2921147,57.222687
31.826117,0.29969412,57.222893
31.844715,0.30694252,57.18259
31.832222,0.30731678,57.15083
31.832317,0.30731678,57.151566
31.832361,0.30731672,57.151905
31.832361,0.30731672,57.151905
31.832361,0.30731672,57.151905
31.832361,0.30731672,57.151905
31.832361,0.30731672,57.151905
31.832361,0.30731672,57.151905
31.832361,0.30731672,57.151905
31.731167,0.28473383,57.2024
31.628145,0.27700177,57.25365
31.628145,0.27700177,57.25365
31.628145,0.27700177,57.25365
31.622984,0.27785626,57.79608
31.597788,0.27971783,59.02345
31.556423,0.2806944,60.567932
31.528738,0.2789854,61.845646
31.52194,0.27761212,62.331882
31.519531,0.27608624,62.699585
31.519619,0.27474347,62.94799
31.519684,0.2737669,63.131077
31.519726,0.27309552,63.252975
31.519762,0.2725462,63.355865
31.521606,0.2716917,63.42543
31.526527,0.27031842,63.46352
31.533855,0.26848736,63.480083
31.54172,0.2666563,63.476612
31.550306,0.26476422,63.460194
31.560026,0.2626585,63.432327
31.569754,0.26061383,63.397125
31.579378,0.2586302,63.356636
31.588127,0.25689068,63.315525
31.596876,0.25521222,63.271034
31.605562,0.2535948,63.224033
31.614834,0.2518858,63.17123
31.622063,0.25060406,63.128864
31.823404,0.2766787,62.95154
31.838694,0.27238584,63.060738
31.81426,0.27103162,63.11323
31.8151,0.27103162,63.108326
31.815365,0.27103162,63.10677
31.815538,0.27103162,63.10574
31.815653,0.27103162,63.10506
31.81574,0.27103162,63.10454
31.81581,0.27103162,63.10415
31.81586,0.27103162,63.103848
31.72094,0.25190535,63.04084
31.624529,0.2477423,62.97767
31.624529,0.2477423,62.97767
31.624529,0.24774224,62.97767
31.619335,0.26440483,62.435757
31.5942,0.301148,61.210068
31.55091,0.3433538,59.668015
31.503666,0.3799749,57.979916
31.475159,0.39825493,56.22593
31.471405,0.39987236,55.687973
31.471466,0.3990789,55.283108
31.476458,0.39495903,54.97799
31.48326,0.38971,54.7712
31.488272,0.3858648,54.618774
31.491968,0.38302666,54.506435
31.497015,0.37866265,54.42964
31.505793,0.370606,54.381065
31.516306,0.3607183,54.360847
31.529192,0.3483587,54.360146
31.541853,0.33615166,54.37702
31.552542,0.32583672,54.40271
31.56321,0.3155828,54.436226
31.5745,0.3047796,54.478058
31.585318,0.29452568,54.523464
31.594988,0.28549248,54.568253
31.60448,0.27679497,54.615574
31.614435,0.26785332,54.668243
31.813562,0.2753946,54.88012
31.865961,0.27645114,54.846172
31.865898,0.27266803,54.793922
31.850277,0.27001947,54.757343
31.850277,0.27001947,54.757343
31.850277,0.27001947,54.757343
31.850277,0.27001947,54.757343
31.850277,0.27001947,54.757343
31.850277,0.27001947,54.757343
31.850277,0.27001947,54.757343
31.850277,0.27001947,54.757343
31.850277,0.27001947,54.757343
31.850277,0.27001947,54.757343
31.74855,0.24953692,54.807674
31.645227,0.24396941,54.8586
31.645227,0.24396941,54.8586
31.645227,0.24396935,54.8586
31.638237,0.2536129,55.400898
31.60849,0.2749447,56.627964
31.55807,0.3001217,58.172245
31.49926,0.32423058,59.863297
31.447227,0.34324303,61.62139
31.42118,0.35160485,63.408073
31.42542,0.34952965,64.31308
31.435806,0.34547082,64.81035
31.449295,0.3402523,65.22709
31.465897,0.33375207,65.47763
31.482058,0.32743493,65.62952
31.50119,0.3195919,65.76676
31.520311,0.31095544,65.83223
31.54053,0.30131188,65.86801
31.557648,0.2928585,65.87564
31.575527,0.2836422,65.86561
31.589813,0.27610436,65.84247
31.601416,0.26981774,65.811874
31.612585,0.2636837,65.77212
31.622286,0.2583126,65.727936
31.630114,0.25397912,65.68373
31.63596,0.25071374,65.64696
31.835978,0.26955965,65.47882
31.881296,0.27371567,65.50297
31.879591,0.27101308,65.577576
31.861862,0.26948383,65.621284
31.844818,0.26933488,65.65016
31.845037,0.26933488,65.64878
31.845076,0.26933488,65.64854
31.845083,0.26933488,65.64848
31.845083,0.26933488,65.64848
31.845083,0.26933488,65.64848
